The system is: Darwin - 21.5.0 - arm64
Compiling the C compiler identification source file "CMakeCCompilerId.c" succeeded.
Compiler: /opt/homebrew/opt/gcc/bin/gcc-12 
Build flags: 
Id flags:  

The output was:
0


Compilation of the C compiler identification source "CMakeCCompilerId.c" produced "a.out"

The C compiler identification is GNU, found in "/Users/ia4118/CLionProjects/3D_RandomWalk/build/CMakeFiles/3.25.2/CompilerIdC/a.out"

Compiling the CXX compiler identification source file "CMakeCXXCompilerId.cpp" succeeded.
Compiler: /opt/homebrew/opt/gcc/bin/g++-12 
Build flags: 
Id flags:  

The output was:
0


Compilation of the CXX compiler identification source "CMakeCXXCompilerId.cpp" produced "a.out"

The CXX compiler identification is GNU, found in "/Users/ia4118/CLionProjects/3D_RandomWalk/build/CMakeFiles/3.25.2/CompilerIdCXX/a.out"

Detecting C compiler ABI info compiled with the following output:
Change Dir: /Users/ia4118/CLionProjects/3D_RandomWalk/build/CMakeFiles/CMakeScratch/TryCompile-slDv5U

Run Build Command(s):/usr/bin/make -f Makefile cmTC_2fc3c/fast && /Applications/Xcode.app/Contents/Developer/usr/bin/make  -f CMakeFiles/cmTC_2fc3c.dir/build.make CMakeFiles/cmTC_2fc3c.dir/build
Building C object CMakeFiles/cmTC_2fc3c.dir/CMakeCCompilerABI.c.o
/opt/homebrew/opt/gcc/bin/gcc-12   -arch arm64 -isysroot /Applications/Xcode.app/Contents/Developer/Platforms/MacOSX.platform/Developer/SDKs/MacOSX12.3.sdk   -v -Wl,-v -o CMakeFiles/cmTC_2fc3c.dir/CMakeCCompilerABI.c.o -c /opt/homebrew/Cellar/cmake/3.25.2/share/cmake/Modules/CMakeCCompilerABI.c
Using built-in specs.
COLLECT_GCC=/opt/homebrew/opt/gcc/bin/gcc-12
Target: aarch64-apple-darwin21
Configured with: ../configure --prefix=/opt/homebrew/opt/gcc --libdir=/opt/homebrew/opt/gcc/lib/gcc/current --disable-nls --enable-checking=release --with-gcc-major-version-only --enable-languages=c,c++,objc,obj-c++,fortran --program-suffix=-12 --with-gmp=/opt/homebrew/opt/gmp --with-mpfr=/opt/homebrew/opt/mpfr --with-mpc=/opt/homebrew/opt/libmpc --with-isl=/opt/homebrew/opt/isl --with-zstd=/opt/homebrew/opt/zstd --with-pkgversion='Homebrew GCC 12.2.0' --with-bugurl=https://github.com/Homebrew/homebrew-core/issues --with-system-zlib --build=aarch64-apple-darwin21 --with-sysroot=/Library/Developer/CommandLineTools/SDKs/MacOSX12.sdk
Thread model: posix
Supported LTO compression algorithms: zlib zstd
gcc version 12.2.0 (Homebrew GCC 12.2.0) 
COLLECT_GCC_OPTIONS='-isysroot' '/Applications/Xcode.app/Contents/Developer/Platforms/MacOSX.platform/Developer/SDKs/MacOSX12.3.sdk' '-v' '-o' 'CMakeFiles/cmTC_2fc3c.dir/CMakeCCompilerABI.c.o' '-c' '-mmacosx-version-min=12.0.0' '-asm_macosx_version_min=12.0' '-nodefaultexport' '-mlittle-endian' '-mabi=lp64' '-dumpdir' 'CMakeFiles/cmTC_2fc3c.dir/'
 /opt/homebrew/Cellar/gcc/12.2.0/bin/../libexec/gcc/aarch64-apple-darwin21/12/cc1 -quiet -v -iprefix /opt/homebrew/Cellar/gcc/12.2.0/bin/../lib/gcc/current/gcc/aarch64-apple-darwin21/12/ -D__DYNAMIC__ -isysroot /Applications/Xcode.app/Contents/Developer/Platforms/MacOSX.platform/Developer/SDKs/MacOSX12.3.sdk /opt/homebrew/Cellar/cmake/3.25.2/share/cmake/Modules/CMakeCCompilerABI.c -fPIC -quiet -dumpdir CMakeFiles/cmTC_2fc3c.dir/ -dumpbase CMakeCCompilerABI.c.c -dumpbase-ext .c -mmacosx-version-min=12.0.0 -mlittle-endian -mabi=lp64 -version -o /var/folders/xs/v6q3rmcj5211sjzbgfbphbfm0000gp/T//ccy1KbDL.s
GNU C17 (Homebrew GCC 12.2.0) version 12.2.0 (aarch64-apple-darwin21)
	compiled by GNU C version 12.2.0, GMP version 6.2.1, MPFR version 4.1.0-p13, MPC version 1.2.1, isl version isl-0.25-GMP

warning: MPFR header version 4.1.0-p13 differs from library version 4.2.0.
warning: MPC header version 1.2.1 differs from library version 1.3.1.
GGC heuristics: --param ggc-min-expand=100 --param ggc-min-heapsize=131072
ignoring nonexistent directory "/opt/homebrew/Cellar/gcc/12.2.0/bin/../lib/gcc/current/gcc/aarch64-apple-darwin21/12/../../../../../../aarch64-apple-darwin21/include"
ignoring duplicate directory "/opt/homebrew/Cellar/gcc/12.2.0/bin/../lib/gcc/current/gcc/../../../../lib/gcc/current/gcc/aarch64-apple-darwin21/12/include"
ignoring nonexistent directory "/Applications/Xcode.app/Contents/Developer/Platforms/MacOSX.platform/Developer/SDKs/MacOSX12.3.sdk/usr/local/include"
ignoring duplicate directory "/opt/homebrew/Cellar/gcc/12.2.0/bin/../lib/gcc/current/gcc/../../../../lib/gcc/current/gcc/aarch64-apple-darwin21/12/include-fixed"
ignoring nonexistent directory "/opt/homebrew/Cellar/gcc/12.2.0/bin/../lib/gcc/current/gcc/../../../../lib/gcc/current/gcc/aarch64-apple-darwin21/12/../../../../../../aarch64-apple-darwin21/include"
ignoring nonexistent directory "/Applications/Xcode.app/Contents/Developer/Platforms/MacOSX.platform/Developer/SDKs/MacOSX12.3.sdk/Library/Frameworks"
#include "..." search starts here:
#include <...> search starts here:
 /opt/homebrew/Cellar/gcc/12.2.0/bin/../lib/gcc/current/gcc/aarch64-apple-darwin21/12/include
 /opt/homebrew/Cellar/gcc/12.2.0/bin/../lib/gcc/current/gcc/aarch64-apple-darwin21/12/include-fixed
 /Applications/Xcode.app/Contents/Developer/Platforms/MacOSX.platform/Developer/SDKs/MacOSX12.3.sdk/usr/include
 /Applications/Xcode.app/Contents/Developer/Platforms/MacOSX.platform/Developer/SDKs/MacOSX12.3.sdk/System/Library/Frameworks
End of search list.
GNU C17 (Homebrew GCC 12.2.0) version 12.2.0 (aarch64-apple-darwin21)
	compiled by GNU C version 12.2.0, GMP version 6.2.1, MPFR version 4.1.0-p13, MPC version 1.2.1, isl version isl-0.25-GMP

warning: MPFR header version 4.1.0-p13 differs from library version 4.2.0.
warning: MPC header version 1.2.1 differs from library version 1.3.1.
GGC heuristics: --param ggc-min-expand=100 --param ggc-min-heapsize=131072
Compiler executable checksum: aa4ea59d62ba10f3e184453dda5b310b
COLLECT_GCC_OPTIONS='-isysroot' '/Applications/Xcode.app/Contents/Developer/Platforms/MacOSX.platform/Developer/SDKs/MacOSX12.3.sdk' '-v' '-o' 'CMakeFiles/cmTC_2fc3c.dir/CMakeCCompilerABI.c.o' '-c' '-mmacosx-version-min=12.0.0'  '-nodefaultexport' '-mlittle-endian' '-mabi=lp64' '-dumpdir' 'CMakeFiles/cmTC_2fc3c.dir/'
 as -arch arm64 -v -mmacosx-version-min=12.0 -o CMakeFiles/cmTC_2fc3c.dir/CMakeCCompilerABI.c.o /var/folders/xs/v6q3rmcj5211sjzbgfbphbfm0000gp/T//ccy1KbDL.s
Apple clang version 13.1.6 (clang-1316.0.21.2.5)
Target: arm64-apple-darwin21.5.0
Thread model: posix
InstalledDir: /Applications/Xcode.app/Contents/Developer/Toolchains/XcodeDefault.xctoolchain/usr/bin
 "/Applications/Xcode.app/Contents/Developer/Toolchains/XcodeDefault.xctoolchain/usr/bin/clang" -cc1as -triple arm64-apple-macosx12.0.0 -filetype obj -main-file-name ccy1KbDL.s -target-cpu apple-m1 -target-feature +v8.5a -target-feature +fp-armv8 -target-feature +neon -target-feature +crc -target-feature +crypto -target-feature +dotprod -target-feature +fp16fml -target-feature +ras -target-feature +lse -target-feature +rdm -target-feature +rcpc -target-feature +zcm -target-feature +zcz -target-feature +fullfp16 -target-feature +sm4 -target-feature +sha3 -target-feature +sha2 -target-feature +aes -fdebug-compilation-dir=/Users/ia4118/CLionProjects/3D_RandomWalk/build/CMakeFiles/CMakeScratch/TryCompile-slDv5U -dwarf-debug-producer "Apple clang version 13.1.6 (clang-1316.0.21.2.5)" -dwarf-version=4 -mrelocation-model pic --mrelax-relocations -mllvm -disable-aligned-alloc-awareness=1 -o CMakeFiles/cmTC_2fc3c.dir/CMakeCCompilerABI.c.o /var/folders/xs/v6q3rmcj5211sjzbgfbphbfm0000gp/T//ccy1KbDL.s
COMPILER_PATH=/opt/homebrew/Cellar/gcc/12.2.0/bin/../libexec/gcc/aarch64-apple-darwin21/12/:/opt/homebrew/Cellar/gcc/12.2.0/bin/../libexec/gcc/
LIBRARY_PATH=/opt/homebrew/Cellar/gcc/12.2.0/bin/../lib/gcc/current/gcc/aarch64-apple-darwin21/12/:/opt/homebrew/Cellar/gcc/12.2.0/bin/../lib/gcc/current/gcc/:/opt/homebrew/Cellar/gcc/12.2.0/bin/../lib/gcc/current/gcc/aarch64-apple-darwin21/12/../../../
COLLECT_GCC_OPTIONS='-isysroot' '/Applications/Xcode.app/Contents/Developer/Platforms/MacOSX.platform/Developer/SDKs/MacOSX12.3.sdk' '-v' '-o' 'CMakeFiles/cmTC_2fc3c.dir/CMakeCCompilerABI.c.o' '-c' '-mmacosx-version-min=12.0.0'  '-nodefaultexport' '-mlittle-endian' '-mabi=lp64' '-dumpdir' 'CMakeFiles/cmTC_2fc3c.dir/CMakeCCompilerABI.c.'
Linking C executable cmTC_2fc3c
/opt/homebrew/Cellar/cmake/3.25.2/bin/cmake -E cmake_link_script CMakeFiles/cmTC_2fc3c.dir/link.txt --verbose=1
/opt/homebrew/opt/gcc/bin/gcc-12  -arch arm64 -isysroot /Applications/Xcode.app/Contents/Developer/Platforms/MacOSX.platform/Developer/SDKs/MacOSX12.3.sdk -Wl,-search_paths_first -Wl,-headerpad_max_install_names  -v -Wl,-v CMakeFiles/cmTC_2fc3c.dir/CMakeCCompilerABI.c.o -o cmTC_2fc3c 
Using built-in specs.
COLLECT_GCC=/opt/homebrew/opt/gcc/bin/gcc-12
COLLECT_LTO_WRAPPER=/opt/homebrew/Cellar/gcc/12.2.0/bin/../libexec/gcc/aarch64-apple-darwin21/12/lto-wrapper
Target: aarch64-apple-darwin21
Configured with: ../configure --prefix=/opt/homebrew/opt/gcc --libdir=/opt/homebrew/opt/gcc/lib/gcc/current --disable-nls --enable-checking=release --with-gcc-major-version-only --enable-languages=c,c++,objc,obj-c++,fortran --program-suffix=-12 --with-gmp=/opt/homebrew/opt/gmp --with-mpfr=/opt/homebrew/opt/mpfr --with-mpc=/opt/homebrew/opt/libmpc --with-isl=/opt/homebrew/opt/isl --with-zstd=/opt/homebrew/opt/zstd --with-pkgversion='Homebrew GCC 12.2.0' --with-bugurl=https://github.com/Homebrew/homebrew-core/issues --with-system-zlib --build=aarch64-apple-darwin21 --with-sysroot=/Library/Developer/CommandLineTools/SDKs/MacOSX12.sdk
Thread model: posix
Supported LTO compression algorithms: zlib zstd
gcc version 12.2.0 (Homebrew GCC 12.2.0) 
COMPILER_PATH=/opt/homebrew/Cellar/gcc/12.2.0/bin/../libexec/gcc/aarch64-apple-darwin21/12/:/opt/homebrew/Cellar/gcc/12.2.0/bin/../libexec/gcc/
LIBRARY_PATH=/opt/homebrew/Cellar/gcc/12.2.0/bin/../lib/gcc/current/gcc/aarch64-apple-darwin21/12/:/opt/homebrew/Cellar/gcc/12.2.0/bin/../lib/gcc/current/gcc/:/opt/homebrew/Cellar/gcc/12.2.0/bin/../lib/gcc/current/gcc/aarch64-apple-darwin21/12/../../../
COLLECT_GCC_OPTIONS='-isysroot' '/Applications/Xcode.app/Contents/Developer/Platforms/MacOSX.platform/Developer/SDKs/MacOSX12.3.sdk' '-v' '-o' 'cmTC_2fc3c' '-mmacosx-version-min=12.0.0' '-asm_macosx_version_min=12.0' '-nodefaultexport' '-mlittle-endian' '-mabi=lp64' '-dumpdir' 'cmTC_2fc3c.'
 /opt/homebrew/Cellar/gcc/12.2.0/bin/../libexec/gcc/aarch64-apple-darwin21/12/collect2 -dynamic -arch arm64 -syslibroot /Applications/Xcode.app/Contents/Developer/Platforms/MacOSX.platform/Developer/SDKs/MacOSX12.3.sdk -macosx_version_min 12.0.0 -o cmTC_2fc3c -L/opt/homebrew/Cellar/gcc/12.2.0/bin/../lib/gcc/current/gcc/aarch64-apple-darwin21/12 -L/opt/homebrew/Cellar/gcc/12.2.0/bin/../lib/gcc/current/gcc -L/opt/homebrew/Cellar/gcc/12.2.0/bin/../lib/gcc/current/gcc/aarch64-apple-darwin21/12/../../.. -search_paths_first -headerpad_max_install_names -v CMakeFiles/cmTC_2fc3c.dir/CMakeCCompilerABI.c.o -lemutls_w -lgcc -lSystem -lgcc -no_compact_unwind -rpath @loader_path -rpath /opt/homebrew/Cellar/gcc/12.2.0/lib/gcc/current/gcc/aarch64-apple-darwin21/12 -rpath /opt/homebrew/Cellar/gcc/12.2.0/lib/gcc/current/gcc -rpath /opt/homebrew/Cellar/gcc/12.2.0/lib/gcc/current
collect2 version 12.2.0
/opt/local/bin/ld -dynamic -arch arm64 -syslibroot /Applications/Xcode.app/Contents/Developer/Platforms/MacOSX.platform/Developer/SDKs/MacOSX12.3.sdk -macosx_version_min 12.0.0 -o cmTC_2fc3c -L/opt/homebrew/Cellar/gcc/12.2.0/bin/../lib/gcc/current/gcc/aarch64-apple-darwin21/12 -L/opt/homebrew/Cellar/gcc/12.2.0/bin/../lib/gcc/current/gcc -L/opt/homebrew/Cellar/gcc/12.2.0/bin/../lib/gcc/current/gcc/aarch64-apple-darwin21/12/../../.. -search_paths_first -headerpad_max_install_names -v CMakeFiles/cmTC_2fc3c.dir/CMakeCCompilerABI.c.o -lemutls_w -lgcc -lSystem -lgcc -no_compact_unwind -rpath @loader_path -rpath /opt/homebrew/Cellar/gcc/12.2.0/lib/gcc/current/gcc/aarch64-apple-darwin21/12 -rpath /opt/homebrew/Cellar/gcc/12.2.0/lib/gcc/current/gcc -rpath /opt/homebrew/Cellar/gcc/12.2.0/lib/gcc/current
@(#)PROGRAM:ld  PROJECT:ld64-764
BUILD 11:29:07 May 17 2022
configured to support archs: armv6 armv7 armv7s arm64 arm64e arm64_32 i386 x86_64 x86_64h armv6m armv7k armv7m armv7em
Library search paths:
	/opt/homebrew/Cellar/gcc/12.2.0/lib/gcc/current/gcc/aarch64-apple-darwin21/12
	/opt/homebrew/Cellar/gcc/12.2.0/lib/gcc/current/gcc
	/opt/homebrew/Cellar/gcc/12.2.0/lib/gcc/current
	/Applications/Xcode.app/Contents/Developer/Platforms/MacOSX.platform/Developer/SDKs/MacOSX12.3.sdk/usr/lib
Framework search paths:
	/Applications/Xcode.app/Contents/Developer/Platforms/MacOSX.platform/Developer/SDKs/MacOSX12.3.sdk/System/Library/Frameworks/



Parsed C implicit include dir info from above output: rv=done
  found start of include info
  found start of implicit include info
    add: [/opt/homebrew/Cellar/gcc/12.2.0/bin/../lib/gcc/current/gcc/aarch64-apple-darwin21/12/include]
    add: [/opt/homebrew/Cellar/gcc/12.2.0/bin/../lib/gcc/current/gcc/aarch64-apple-darwin21/12/include-fixed]
    add: [/Applications/Xcode.app/Contents/Developer/Platforms/MacOSX.platform/Developer/SDKs/MacOSX12.3.sdk/usr/include]
    add: [/Applications/Xcode.app/Contents/Developer/Platforms/MacOSX.platform/Developer/SDKs/MacOSX12.3.sdk/System/Library/Frameworks]
  end of search list found
  collapse include dir [/opt/homebrew/Cellar/gcc/12.2.0/bin/../lib/gcc/current/gcc/aarch64-apple-darwin21/12/include] ==> [/opt/homebrew/Cellar/gcc/12.2.0/lib/gcc/current/gcc/aarch64-apple-darwin21/12/include]
  collapse include dir [/opt/homebrew/Cellar/gcc/12.2.0/bin/../lib/gcc/current/gcc/aarch64-apple-darwin21/12/include-fixed] ==> [/opt/homebrew/Cellar/gcc/12.2.0/lib/gcc/current/gcc/aarch64-apple-darwin21/12/include-fixed]
  collapse include dir [/Applications/Xcode.app/Contents/Developer/Platforms/MacOSX.platform/Developer/SDKs/MacOSX12.3.sdk/usr/include] ==> [/Applications/Xcode.app/Contents/Developer/Platforms/MacOSX.platform/Developer/SDKs/MacOSX12.3.sdk/usr/include]
  collapse include dir [/Applications/Xcode.app/Contents/Developer/Platforms/MacOSX.platform/Developer/SDKs/MacOSX12.3.sdk/System/Library/Frameworks] ==> [/Applications/Xcode.app/Contents/Developer/Platforms/MacOSX.platform/Developer/SDKs/MacOSX12.3.sdk/System/Library/Frameworks]
  implicit include dirs: [/opt/homebrew/Cellar/gcc/12.2.0/lib/gcc/current/gcc/aarch64-apple-darwin21/12/include;/opt/homebrew/Cellar/gcc/12.2.0/lib/gcc/current/gcc/aarch64-apple-darwin21/12/include-fixed;/Applications/Xcode.app/Contents/Developer/Platforms/MacOSX.platform/Developer/SDKs/MacOSX12.3.sdk/usr/include;/Applications/Xcode.app/Contents/Developer/Platforms/MacOSX.platform/Developer/SDKs/MacOSX12.3.sdk/System/Library/Frameworks]


Parsed C implicit link information from above output:
  link line regex: [^( *|.*[/\])(ld|CMAKE_LINK_STARTFILE-NOTFOUND|([^/\]+-)?ld|collect2)[^/\]*( |$)]
  ignore line: [Change Dir: /Users/ia4118/CLionProjects/3D_RandomWalk/build/CMakeFiles/CMakeScratch/TryCompile-slDv5U]
  ignore line: []
  ignore line: [Run Build Command(s):/usr/bin/make -f Makefile cmTC_2fc3c/fast && /Applications/Xcode.app/Contents/Developer/usr/bin/make  -f CMakeFiles/cmTC_2fc3c.dir/build.make CMakeFiles/cmTC_2fc3c.dir/build]
  ignore line: [Building C object CMakeFiles/cmTC_2fc3c.dir/CMakeCCompilerABI.c.o]
  ignore line: [/opt/homebrew/opt/gcc/bin/gcc-12   -arch arm64 -isysroot /Applications/Xcode.app/Contents/Developer/Platforms/MacOSX.platform/Developer/SDKs/MacOSX12.3.sdk   -v -Wl -v -o CMakeFiles/cmTC_2fc3c.dir/CMakeCCompilerABI.c.o -c /opt/homebrew/Cellar/cmake/3.25.2/share/cmake/Modules/CMakeCCompilerABI.c]
  ignore line: [Using built-in specs.]
  ignore line: [COLLECT_GCC=/opt/homebrew/opt/gcc/bin/gcc-12]
  ignore line: [Target: aarch64-apple-darwin21]
  ignore line: [Configured with: ../configure --prefix=/opt/homebrew/opt/gcc --libdir=/opt/homebrew/opt/gcc/lib/gcc/current --disable-nls --enable-checking=release --with-gcc-major-version-only --enable-languages=c c++ objc obj-c++ fortran --program-suffix=-12 --with-gmp=/opt/homebrew/opt/gmp --with-mpfr=/opt/homebrew/opt/mpfr --with-mpc=/opt/homebrew/opt/libmpc --with-isl=/opt/homebrew/opt/isl --with-zstd=/opt/homebrew/opt/zstd --with-pkgversion='Homebrew GCC 12.2.0' --with-bugurl=https://github.com/Homebrew/homebrew-core/issues --with-system-zlib --build=aarch64-apple-darwin21 --with-sysroot=/Library/Developer/CommandLineTools/SDKs/MacOSX12.sdk]
  ignore line: [Thread model: posix]
  ignore line: [Supported LTO compression algorithms: zlib zstd]
  ignore line: [gcc version 12.2.0 (Homebrew GCC 12.2.0) ]
  ignore line: [COLLECT_GCC_OPTIONS='-isysroot' '/Applications/Xcode.app/Contents/Developer/Platforms/MacOSX.platform/Developer/SDKs/MacOSX12.3.sdk' '-v' '-o' 'CMakeFiles/cmTC_2fc3c.dir/CMakeCCompilerABI.c.o' '-c' '-mmacosx-version-min=12.0.0' '-asm_macosx_version_min=12.0' '-nodefaultexport' '-mlittle-endian' '-mabi=lp64' '-dumpdir' 'CMakeFiles/cmTC_2fc3c.dir/']
  ignore line: [ /opt/homebrew/Cellar/gcc/12.2.0/bin/../libexec/gcc/aarch64-apple-darwin21/12/cc1 -quiet -v -iprefix /opt/homebrew/Cellar/gcc/12.2.0/bin/../lib/gcc/current/gcc/aarch64-apple-darwin21/12/ -D__DYNAMIC__ -isysroot /Applications/Xcode.app/Contents/Developer/Platforms/MacOSX.platform/Developer/SDKs/MacOSX12.3.sdk /opt/homebrew/Cellar/cmake/3.25.2/share/cmake/Modules/CMakeCCompilerABI.c -fPIC -quiet -dumpdir CMakeFiles/cmTC_2fc3c.dir/ -dumpbase CMakeCCompilerABI.c.c -dumpbase-ext .c -mmacosx-version-min=12.0.0 -mlittle-endian -mabi=lp64 -version -o /var/folders/xs/v6q3rmcj5211sjzbgfbphbfm0000gp/T//ccy1KbDL.s]
  ignore line: [GNU C17 (Homebrew GCC 12.2.0) version 12.2.0 (aarch64-apple-darwin21)]
  ignore line: [	compiled by GNU C version 12.2.0  GMP version 6.2.1  MPFR version 4.1.0-p13  MPC version 1.2.1  isl version isl-0.25-GMP]
  ignore line: []
  ignore line: [warning: MPFR header version 4.1.0-p13 differs from library version 4.2.0.]
  ignore line: [warning: MPC header version 1.2.1 differs from library version 1.3.1.]
  ignore line: [GGC heuristics: --param ggc-min-expand=100 --param ggc-min-heapsize=131072]
  ignore line: [ignoring nonexistent directory "/opt/homebrew/Cellar/gcc/12.2.0/bin/../lib/gcc/current/gcc/aarch64-apple-darwin21/12/../../../../../../aarch64-apple-darwin21/include"]
  ignore line: [ignoring duplicate directory "/opt/homebrew/Cellar/gcc/12.2.0/bin/../lib/gcc/current/gcc/../../../../lib/gcc/current/gcc/aarch64-apple-darwin21/12/include"]
  ignore line: [ignoring nonexistent directory "/Applications/Xcode.app/Contents/Developer/Platforms/MacOSX.platform/Developer/SDKs/MacOSX12.3.sdk/usr/local/include"]
  ignore line: [ignoring duplicate directory "/opt/homebrew/Cellar/gcc/12.2.0/bin/../lib/gcc/current/gcc/../../../../lib/gcc/current/gcc/aarch64-apple-darwin21/12/include-fixed"]
  ignore line: [ignoring nonexistent directory "/opt/homebrew/Cellar/gcc/12.2.0/bin/../lib/gcc/current/gcc/../../../../lib/gcc/current/gcc/aarch64-apple-darwin21/12/../../../../../../aarch64-apple-darwin21/include"]
  ignore line: [ignoring nonexistent directory "/Applications/Xcode.app/Contents/Developer/Platforms/MacOSX.platform/Developer/SDKs/MacOSX12.3.sdk/Library/Frameworks"]
  ignore line: [#include "..." search starts here:]
  ignore line: [#include <...> search starts here:]
  ignore line: [ /opt/homebrew/Cellar/gcc/12.2.0/bin/../lib/gcc/current/gcc/aarch64-apple-darwin21/12/include]
  ignore line: [ /opt/homebrew/Cellar/gcc/12.2.0/bin/../lib/gcc/current/gcc/aarch64-apple-darwin21/12/include-fixed]
  ignore line: [ /Applications/Xcode.app/Contents/Developer/Platforms/MacOSX.platform/Developer/SDKs/MacOSX12.3.sdk/usr/include]
  ignore line: [ /Applications/Xcode.app/Contents/Developer/Platforms/MacOSX.platform/Developer/SDKs/MacOSX12.3.sdk/System/Library/Frameworks]
  ignore line: [End of search list.]
  ignore line: [GNU C17 (Homebrew GCC 12.2.0) version 12.2.0 (aarch64-apple-darwin21)]
  ignore line: [	compiled by GNU C version 12.2.0  GMP version 6.2.1  MPFR version 4.1.0-p13  MPC version 1.2.1  isl version isl-0.25-GMP]
  ignore line: []
  ignore line: [warning: MPFR header version 4.1.0-p13 differs from library version 4.2.0.]
  ignore line: [warning: MPC header version 1.2.1 differs from library version 1.3.1.]
  ignore line: [GGC heuristics: --param ggc-min-expand=100 --param ggc-min-heapsize=131072]
  ignore line: [Compiler executable checksum: aa4ea59d62ba10f3e184453dda5b310b]
  ignore line: [COLLECT_GCC_OPTIONS='-isysroot' '/Applications/Xcode.app/Contents/Developer/Platforms/MacOSX.platform/Developer/SDKs/MacOSX12.3.sdk' '-v' '-o' 'CMakeFiles/cmTC_2fc3c.dir/CMakeCCompilerABI.c.o' '-c' '-mmacosx-version-min=12.0.0'  '-nodefaultexport' '-mlittle-endian' '-mabi=lp64' '-dumpdir' 'CMakeFiles/cmTC_2fc3c.dir/']
  ignore line: [ as -arch arm64 -v -mmacosx-version-min=12.0 -o CMakeFiles/cmTC_2fc3c.dir/CMakeCCompilerABI.c.o /var/folders/xs/v6q3rmcj5211sjzbgfbphbfm0000gp/T//ccy1KbDL.s]
  ignore line: [Apple clang version 13.1.6 (clang-1316.0.21.2.5)]
  ignore line: [Target: arm64-apple-darwin21.5.0]
  ignore line: [Thread model: posix]
  ignore line: [InstalledDir: /Applications/Xcode.app/Contents/Developer/Toolchains/XcodeDefault.xctoolchain/usr/bin]
  ignore line: [ "/Applications/Xcode.app/Contents/Developer/Toolchains/XcodeDefault.xctoolchain/usr/bin/clang" -cc1as -triple arm64-apple-macosx12.0.0 -filetype obj -main-file-name ccy1KbDL.s -target-cpu apple-m1 -target-feature +v8.5a -target-feature +fp-armv8 -target-feature +neon -target-feature +crc -target-feature +crypto -target-feature +dotprod -target-feature +fp16fml -target-feature +ras -target-feature +lse -target-feature +rdm -target-feature +rcpc -target-feature +zcm -target-feature +zcz -target-feature +fullfp16 -target-feature +sm4 -target-feature +sha3 -target-feature +sha2 -target-feature +aes -fdebug-compilation-dir=/Users/ia4118/CLionProjects/3D_RandomWalk/build/CMakeFiles/CMakeScratch/TryCompile-slDv5U -dwarf-debug-producer "Apple clang version 13.1.6 (clang-1316.0.21.2.5)" -dwarf-version=4 -mrelocation-model pic --mrelax-relocations -mllvm -disable-aligned-alloc-awareness=1 -o CMakeFiles/cmTC_2fc3c.dir/CMakeCCompilerABI.c.o /var/folders/xs/v6q3rmcj5211sjzbgfbphbfm0000gp/T//ccy1KbDL.s]
  ignore line: [COMPILER_PATH=/opt/homebrew/Cellar/gcc/12.2.0/bin/../libexec/gcc/aarch64-apple-darwin21/12/:/opt/homebrew/Cellar/gcc/12.2.0/bin/../libexec/gcc/]
  ignore line: [LIBRARY_PATH=/opt/homebrew/Cellar/gcc/12.2.0/bin/../lib/gcc/current/gcc/aarch64-apple-darwin21/12/:/opt/homebrew/Cellar/gcc/12.2.0/bin/../lib/gcc/current/gcc/:/opt/homebrew/Cellar/gcc/12.2.0/bin/../lib/gcc/current/gcc/aarch64-apple-darwin21/12/../../../]
  ignore line: [COLLECT_GCC_OPTIONS='-isysroot' '/Applications/Xcode.app/Contents/Developer/Platforms/MacOSX.platform/Developer/SDKs/MacOSX12.3.sdk' '-v' '-o' 'CMakeFiles/cmTC_2fc3c.dir/CMakeCCompilerABI.c.o' '-c' '-mmacosx-version-min=12.0.0'  '-nodefaultexport' '-mlittle-endian' '-mabi=lp64' '-dumpdir' 'CMakeFiles/cmTC_2fc3c.dir/CMakeCCompilerABI.c.']
  ignore line: [Linking C executable cmTC_2fc3c]
  ignore line: [/opt/homebrew/Cellar/cmake/3.25.2/bin/cmake -E cmake_link_script CMakeFiles/cmTC_2fc3c.dir/link.txt --verbose=1]
  ignore line: [/opt/homebrew/opt/gcc/bin/gcc-12  -arch arm64 -isysroot /Applications/Xcode.app/Contents/Developer/Platforms/MacOSX.platform/Developer/SDKs/MacOSX12.3.sdk -Wl -search_paths_first -Wl -headerpad_max_install_names  -v -Wl -v CMakeFiles/cmTC_2fc3c.dir/CMakeCCompilerABI.c.o -o cmTC_2fc3c ]
  ignore line: [Using built-in specs.]
  ignore line: [COLLECT_GCC=/opt/homebrew/opt/gcc/bin/gcc-12]
  ignore line: [COLLECT_LTO_WRAPPER=/opt/homebrew/Cellar/gcc/12.2.0/bin/../libexec/gcc/aarch64-apple-darwin21/12/lto-wrapper]
  ignore line: [Target: aarch64-apple-darwin21]
  ignore line: [Configured with: ../configure --prefix=/opt/homebrew/opt/gcc --libdir=/opt/homebrew/opt/gcc/lib/gcc/current --disable-nls --enable-checking=release --with-gcc-major-version-only --enable-languages=c c++ objc obj-c++ fortran --program-suffix=-12 --with-gmp=/opt/homebrew/opt/gmp --with-mpfr=/opt/homebrew/opt/mpfr --with-mpc=/opt/homebrew/opt/libmpc --with-isl=/opt/homebrew/opt/isl --with-zstd=/opt/homebrew/opt/zstd --with-pkgversion='Homebrew GCC 12.2.0' --with-bugurl=https://github.com/Homebrew/homebrew-core/issues --with-system-zlib --build=aarch64-apple-darwin21 --with-sysroot=/Library/Developer/CommandLineTools/SDKs/MacOSX12.sdk]
  ignore line: [Thread model: posix]
  ignore line: [Supported LTO compression algorithms: zlib zstd]
  ignore line: [gcc version 12.2.0 (Homebrew GCC 12.2.0) ]
  ignore line: [COMPILER_PATH=/opt/homebrew/Cellar/gcc/12.2.0/bin/../libexec/gcc/aarch64-apple-darwin21/12/:/opt/homebrew/Cellar/gcc/12.2.0/bin/../libexec/gcc/]
  ignore line: [LIBRARY_PATH=/opt/homebrew/Cellar/gcc/12.2.0/bin/../lib/gcc/current/gcc/aarch64-apple-darwin21/12/:/opt/homebrew/Cellar/gcc/12.2.0/bin/../lib/gcc/current/gcc/:/opt/homebrew/Cellar/gcc/12.2.0/bin/../lib/gcc/current/gcc/aarch64-apple-darwin21/12/../../../]
  ignore line: [COLLECT_GCC_OPTIONS='-isysroot' '/Applications/Xcode.app/Contents/Developer/Platforms/MacOSX.platform/Developer/SDKs/MacOSX12.3.sdk' '-v' '-o' 'cmTC_2fc3c' '-mmacosx-version-min=12.0.0' '-asm_macosx_version_min=12.0' '-nodefaultexport' '-mlittle-endian' '-mabi=lp64' '-dumpdir' 'cmTC_2fc3c.']
  link line: [ /opt/homebrew/Cellar/gcc/12.2.0/bin/../libexec/gcc/aarch64-apple-darwin21/12/collect2 -dynamic -arch arm64 -syslibroot /Applications/Xcode.app/Contents/Developer/Platforms/MacOSX.platform/Developer/SDKs/MacOSX12.3.sdk -macosx_version_min 12.0.0 -o cmTC_2fc3c -L/opt/homebrew/Cellar/gcc/12.2.0/bin/../lib/gcc/current/gcc/aarch64-apple-darwin21/12 -L/opt/homebrew/Cellar/gcc/12.2.0/bin/../lib/gcc/current/gcc -L/opt/homebrew/Cellar/gcc/12.2.0/bin/../lib/gcc/current/gcc/aarch64-apple-darwin21/12/../../.. -search_paths_first -headerpad_max_install_names -v CMakeFiles/cmTC_2fc3c.dir/CMakeCCompilerABI.c.o -lemutls_w -lgcc -lSystem -lgcc -no_compact_unwind -rpath @loader_path -rpath /opt/homebrew/Cellar/gcc/12.2.0/lib/gcc/current/gcc/aarch64-apple-darwin21/12 -rpath /opt/homebrew/Cellar/gcc/12.2.0/lib/gcc/current/gcc -rpath /opt/homebrew/Cellar/gcc/12.2.0/lib/gcc/current]
    arg [/opt/homebrew/Cellar/gcc/12.2.0/bin/../libexec/gcc/aarch64-apple-darwin21/12/collect2] ==> ignore
    arg [-dynamic] ==> ignore
    arg [-arch] ==> ignore
    arg [arm64] ==> ignore
    arg [-syslibroot] ==> ignore
    arg [/Applications/Xcode.app/Contents/Developer/Platforms/MacOSX.platform/Developer/SDKs/MacOSX12.3.sdk] ==> ignore
    arg [-macosx_version_min] ==> ignore
    arg [12.0.0] ==> ignore
    arg [-o] ==> ignore
    arg [cmTC_2fc3c] ==> ignore
    arg [-L/opt/homebrew/Cellar/gcc/12.2.0/bin/../lib/gcc/current/gcc/aarch64-apple-darwin21/12] ==> dir [/opt/homebrew/Cellar/gcc/12.2.0/bin/../lib/gcc/current/gcc/aarch64-apple-darwin21/12]
    arg [-L/opt/homebrew/Cellar/gcc/12.2.0/bin/../lib/gcc/current/gcc] ==> dir [/opt/homebrew/Cellar/gcc/12.2.0/bin/../lib/gcc/current/gcc]
    arg [-L/opt/homebrew/Cellar/gcc/12.2.0/bin/../lib/gcc/current/gcc/aarch64-apple-darwin21/12/../../..] ==> dir [/opt/homebrew/Cellar/gcc/12.2.0/bin/../lib/gcc/current/gcc/aarch64-apple-darwin21/12/../../..]
    arg [-search_paths_first] ==> ignore
    arg [-headerpad_max_install_names] ==> ignore
    arg [-v] ==> ignore
    arg [CMakeFiles/cmTC_2fc3c.dir/CMakeCCompilerABI.c.o] ==> ignore
    arg [-lemutls_w] ==> lib [emutls_w]
    arg [-lgcc] ==> lib [gcc]
    arg [-lSystem] ==> lib [System]
    arg [-lgcc] ==> lib [gcc]
    arg [-no_compact_unwind] ==> ignore
    arg [-rpath] ==> ignore
    arg [@loader_path] ==> ignore
    arg [-rpath] ==> ignore
    arg [/opt/homebrew/Cellar/gcc/12.2.0/lib/gcc/current/gcc/aarch64-apple-darwin21/12] ==> ignore
    arg [-rpath] ==> ignore
    arg [/opt/homebrew/Cellar/gcc/12.2.0/lib/gcc/current/gcc] ==> ignore
    arg [-rpath] ==> ignore
    arg [/opt/homebrew/Cellar/gcc/12.2.0/lib/gcc/current] ==> ignore
  Library search paths: [;/opt/homebrew/Cellar/gcc/12.2.0/lib/gcc/current/gcc/aarch64-apple-darwin21/12;/opt/homebrew/Cellar/gcc/12.2.0/lib/gcc/current/gcc;/opt/homebrew/Cellar/gcc/12.2.0/lib/gcc/current;/Applications/Xcode.app/Contents/Developer/Platforms/MacOSX.platform/Developer/SDKs/MacOSX12.3.sdk/usr/lib]
  Framework search paths: [;/Applications/Xcode.app/Contents/Developer/Platforms/MacOSX.platform/Developer/SDKs/MacOSX12.3.sdk/System/Library/Frameworks/]
  remove lib [System]
  collapse library dir [/opt/homebrew/Cellar/gcc/12.2.0/bin/../lib/gcc/current/gcc/aarch64-apple-darwin21/12] ==> [/opt/homebrew/Cellar/gcc/12.2.0/lib/gcc/current/gcc/aarch64-apple-darwin21/12]
  collapse library dir [/opt/homebrew/Cellar/gcc/12.2.0/bin/../lib/gcc/current/gcc] ==> [/opt/homebrew/Cellar/gcc/12.2.0/lib/gcc/current/gcc]
  collapse library dir [/opt/homebrew/Cellar/gcc/12.2.0/bin/../lib/gcc/current/gcc/aarch64-apple-darwin21/12/../../..] ==> [/opt/homebrew/Cellar/gcc/12.2.0/lib/gcc/current]
  collapse library dir [/opt/homebrew/Cellar/gcc/12.2.0/lib/gcc/current/gcc/aarch64-apple-darwin21/12] ==> [/opt/homebrew/Cellar/gcc/12.2.0/lib/gcc/current/gcc/aarch64-apple-darwin21/12]
  collapse library dir [/opt/homebrew/Cellar/gcc/12.2.0/lib/gcc/current/gcc] ==> [/opt/homebrew/Cellar/gcc/12.2.0/lib/gcc/current/gcc]
  collapse library dir [/opt/homebrew/Cellar/gcc/12.2.0/lib/gcc/current] ==> [/opt/homebrew/Cellar/gcc/12.2.0/lib/gcc/current]
  collapse library dir [/Applications/Xcode.app/Contents/Developer/Platforms/MacOSX.platform/Developer/SDKs/MacOSX12.3.sdk/usr/lib] ==> [/Applications/Xcode.app/Contents/Developer/Platforms/MacOSX.platform/Developer/SDKs/MacOSX12.3.sdk/usr/lib]
  collapse framework dir [/Applications/Xcode.app/Contents/Developer/Platforms/MacOSX.platform/Developer/SDKs/MacOSX12.3.sdk/System/Library/Frameworks/] ==> [/Applications/Xcode.app/Contents/Developer/Platforms/MacOSX.platform/Developer/SDKs/MacOSX12.3.sdk/System/Library/Frameworks]
  implicit libs: [emutls_w;gcc;gcc]
  implicit objs: []
  implicit dirs: [/opt/homebrew/Cellar/gcc/12.2.0/lib/gcc/current/gcc/aarch64-apple-darwin21/12;/opt/homebrew/Cellar/gcc/12.2.0/lib/gcc/current/gcc;/opt/homebrew/Cellar/gcc/12.2.0/lib/gcc/current;/Applications/Xcode.app/Contents/Developer/Platforms/MacOSX.platform/Developer/SDKs/MacOSX12.3.sdk/usr/lib]
  implicit fwks: [/Applications/Xcode.app/Contents/Developer/Platforms/MacOSX.platform/Developer/SDKs/MacOSX12.3.sdk/System/Library/Frameworks]


Detecting CXX compiler ABI info compiled with the following output:
Change Dir: /Users/ia4118/CLionProjects/3D_RandomWalk/build/CMakeFiles/CMakeScratch/TryCompile-o2FWU4

Run Build Command(s):/usr/bin/make -f Makefile cmTC_2721a/fast && /Applications/Xcode.app/Contents/Developer/usr/bin/make  -f CMakeFiles/cmTC_2721a.dir/build.make CMakeFiles/cmTC_2721a.dir/build
Building CXX object CMakeFiles/cmTC_2721a.dir/CMakeCXXCompilerABI.cpp.o
/opt/homebrew/opt/gcc/bin/g++-12   -arch arm64 -isysroot /Applications/Xcode.app/Contents/Developer/Platforms/MacOSX.platform/Developer/SDKs/MacOSX12.3.sdk   -v -Wl,-v -o CMakeFiles/cmTC_2721a.dir/CMakeCXXCompilerABI.cpp.o -c /opt/homebrew/Cellar/cmake/3.25.2/share/cmake/Modules/CMakeCXXCompilerABI.cpp
Using built-in specs.
COLLECT_GCC=/opt/homebrew/opt/gcc/bin/g++-12
Target: aarch64-apple-darwin21
Configured with: ../configure --prefix=/opt/homebrew/opt/gcc --libdir=/opt/homebrew/opt/gcc/lib/gcc/current --disable-nls --enable-checking=release --with-gcc-major-version-only --enable-languages=c,c++,objc,obj-c++,fortran --program-suffix=-12 --with-gmp=/opt/homebrew/opt/gmp --with-mpfr=/opt/homebrew/opt/mpfr --with-mpc=/opt/homebrew/opt/libmpc --with-isl=/opt/homebrew/opt/isl --with-zstd=/opt/homebrew/opt/zstd --with-pkgversion='Homebrew GCC 12.2.0' --with-bugurl=https://github.com/Homebrew/homebrew-core/issues --with-system-zlib --build=aarch64-apple-darwin21 --with-sysroot=/Library/Developer/CommandLineTools/SDKs/MacOSX12.sdk
Thread model: posix
Supported LTO compression algorithms: zlib zstd
gcc version 12.2.0 (Homebrew GCC 12.2.0) 
COLLECT_GCC_OPTIONS='-isysroot' '/Applications/Xcode.app/Contents/Developer/Platforms/MacOSX.platform/Developer/SDKs/MacOSX12.3.sdk' '-v' '-o' 'CMakeFiles/cmTC_2721a.dir/CMakeCXXCompilerABI.cpp.o' '-c' '-mmacosx-version-min=12.0.0' '-asm_macosx_version_min=12.0' '-nodefaultexport' '-mlittle-endian' '-mabi=lp64' '-dumpdir' 'CMakeFiles/cmTC_2721a.dir/'
 /opt/homebrew/Cellar/gcc/12.2.0/bin/../libexec/gcc/aarch64-apple-darwin21/12/cc1plus -quiet -v -iprefix /opt/homebrew/Cellar/gcc/12.2.0/bin/../lib/gcc/current/gcc/aarch64-apple-darwin21/12/ -D__DYNAMIC__ -isysroot /Applications/Xcode.app/Contents/Developer/Platforms/MacOSX.platform/Developer/SDKs/MacOSX12.3.sdk /opt/homebrew/Cellar/cmake/3.25.2/share/cmake/Modules/CMakeCXXCompilerABI.cpp -fPIC -quiet -dumpdir CMakeFiles/cmTC_2721a.dir/ -dumpbase CMakeCXXCompilerABI.cpp.cpp -dumpbase-ext .cpp -mmacosx-version-min=12.0.0 -mlittle-endian -mabi=lp64 -version -o /var/folders/xs/v6q3rmcj5211sjzbgfbphbfm0000gp/T//ccWP4HZJ.s
GNU C++17 (Homebrew GCC 12.2.0) version 12.2.0 (aarch64-apple-darwin21)
	compiled by GNU C version 12.2.0, GMP version 6.2.1, MPFR version 4.1.0-p13, MPC version 1.2.1, isl version isl-0.25-GMP

warning: MPFR header version 4.1.0-p13 differs from library version 4.2.0.
warning: MPC header version 1.2.1 differs from library version 1.3.1.
GGC heuristics: --param ggc-min-expand=100 --param ggc-min-heapsize=131072
ignoring nonexistent directory "/opt/homebrew/Cellar/gcc/12.2.0/bin/../lib/gcc/current/gcc/aarch64-apple-darwin21/12/../../../../../../aarch64-apple-darwin21/include"
ignoring duplicate directory "/opt/homebrew/Cellar/gcc/12.2.0/bin/../lib/gcc/current/gcc/../../../../lib/gcc/current/gcc/aarch64-apple-darwin21/12/../../../../../../include/c++/12"
ignoring duplicate directory "/opt/homebrew/Cellar/gcc/12.2.0/bin/../lib/gcc/current/gcc/../../../../lib/gcc/current/gcc/aarch64-apple-darwin21/12/../../../../../../include/c++/12/aarch64-apple-darwin21"
ignoring duplicate directory "/opt/homebrew/Cellar/gcc/12.2.0/bin/../lib/gcc/current/gcc/../../../../lib/gcc/current/gcc/aarch64-apple-darwin21/12/../../../../../../include/c++/12/backward"
ignoring duplicate directory "/opt/homebrew/Cellar/gcc/12.2.0/bin/../lib/gcc/current/gcc/../../../../lib/gcc/current/gcc/aarch64-apple-darwin21/12/include"
ignoring nonexistent directory "/Applications/Xcode.app/Contents/Developer/Platforms/MacOSX.platform/Developer/SDKs/MacOSX12.3.sdk/usr/local/include"
ignoring duplicate directory "/opt/homebrew/Cellar/gcc/12.2.0/bin/../lib/gcc/current/gcc/../../../../lib/gcc/current/gcc/aarch64-apple-darwin21/12/include-fixed"
ignoring nonexistent directory "/opt/homebrew/Cellar/gcc/12.2.0/bin/../lib/gcc/current/gcc/../../../../lib/gcc/current/gcc/aarch64-apple-darwin21/12/../../../../../../aarch64-apple-darwin21/include"
ignoring nonexistent directory "/Applications/Xcode.app/Contents/Developer/Platforms/MacOSX.platform/Developer/SDKs/MacOSX12.3.sdk/Library/Frameworks"
#include "..." search starts here:
#include <...> search starts here:
 /opt/homebrew/Cellar/gcc/12.2.0/bin/../lib/gcc/current/gcc/aarch64-apple-darwin21/12/../../../../../../include/c++/12
 /opt/homebrew/Cellar/gcc/12.2.0/bin/../lib/gcc/current/gcc/aarch64-apple-darwin21/12/../../../../../../include/c++/12/aarch64-apple-darwin21
 /opt/homebrew/Cellar/gcc/12.2.0/bin/../lib/gcc/current/gcc/aarch64-apple-darwin21/12/../../../../../../include/c++/12/backward
 /opt/homebrew/Cellar/gcc/12.2.0/bin/../lib/gcc/current/gcc/aarch64-apple-darwin21/12/include
 /opt/homebrew/Cellar/gcc/12.2.0/bin/../lib/gcc/current/gcc/aarch64-apple-darwin21/12/include-fixed
 /Applications/Xcode.app/Contents/Developer/Platforms/MacOSX.platform/Developer/SDKs/MacOSX12.3.sdk/usr/include
 /Applications/Xcode.app/Contents/Developer/Platforms/MacOSX.platform/Developer/SDKs/MacOSX12.3.sdk/System/Library/Frameworks
End of search list.
GNU C++17 (Homebrew GCC 12.2.0) version 12.2.0 (aarch64-apple-darwin21)
	compiled by GNU C version 12.2.0, GMP version 6.2.1, MPFR version 4.1.0-p13, MPC version 1.2.1, isl version isl-0.25-GMP

warning: MPFR header version 4.1.0-p13 differs from library version 4.2.0.
warning: MPC header version 1.2.1 differs from library version 1.3.1.
GGC heuristics: --param ggc-min-expand=100 --param ggc-min-heapsize=131072
Compiler executable checksum: 0763a482a23176f685c5d5f7c0ea1aee
COLLECT_GCC_OPTIONS='-isysroot' '/Applications/Xcode.app/Contents/Developer/Platforms/MacOSX.platform/Developer/SDKs/MacOSX12.3.sdk' '-v' '-o' 'CMakeFiles/cmTC_2721a.dir/CMakeCXXCompilerABI.cpp.o' '-c' '-mmacosx-version-min=12.0.0'  '-nodefaultexport' '-mlittle-endian' '-mabi=lp64' '-dumpdir' 'CMakeFiles/cmTC_2721a.dir/'
 as -arch arm64 -v -mmacosx-version-min=12.0 -o CMakeFiles/cmTC_2721a.dir/CMakeCXXCompilerABI.cpp.o /var/folders/xs/v6q3rmcj5211sjzbgfbphbfm0000gp/T//ccWP4HZJ.s
Apple clang version 13.1.6 (clang-1316.0.21.2.5)
Target: arm64-apple-darwin21.5.0
Thread model: posix
InstalledDir: /Applications/Xcode.app/Contents/Developer/Toolchains/XcodeDefault.xctoolchain/usr/bin
 "/Applications/Xcode.app/Contents/Developer/Toolchains/XcodeDefault.xctoolchain/usr/bin/clang" -cc1as -triple arm64-apple-macosx12.0.0 -filetype obj -main-file-name ccWP4HZJ.s -target-cpu apple-m1 -target-feature +v8.5a -target-feature +fp-armv8 -target-feature +neon -target-feature +crc -target-feature +crypto -target-feature +dotprod -target-feature +fp16fml -target-feature +ras -target-feature +lse -target-feature +rdm -target-feature +rcpc -target-feature +zcm -target-feature +zcz -target-feature +fullfp16 -target-feature +sm4 -target-feature +sha3 -target-feature +sha2 -target-feature +aes -fdebug-compilation-dir=/Users/ia4118/CLionProjects/3D_RandomWalk/build/CMakeFiles/CMakeScratch/TryCompile-o2FWU4 -dwarf-debug-producer "Apple clang version 13.1.6 (clang-1316.0.21.2.5)" -dwarf-version=4 -mrelocation-model pic --mrelax-relocations -mllvm -disable-aligned-alloc-awareness=1 -o CMakeFiles/cmTC_2721a.dir/CMakeCXXCompilerABI.cpp.o /var/folders/xs/v6q3rmcj5211sjzbgfbphbfm0000gp/T//ccWP4HZJ.s
COMPILER_PATH=/opt/homebrew/Cellar/gcc/12.2.0/bin/../libexec/gcc/aarch64-apple-darwin21/12/:/opt/homebrew/Cellar/gcc/12.2.0/bin/../libexec/gcc/
LIBRARY_PATH=/opt/homebrew/Cellar/gcc/12.2.0/bin/../lib/gcc/current/gcc/aarch64-apple-darwin21/12/:/opt/homebrew/Cellar/gcc/12.2.0/bin/../lib/gcc/current/gcc/:/opt/homebrew/Cellar/gcc/12.2.0/bin/../lib/gcc/current/gcc/aarch64-apple-darwin21/12/../../../
COLLECT_GCC_OPTIONS='-isysroot' '/Applications/Xcode.app/Contents/Developer/Platforms/MacOSX.platform/Developer/SDKs/MacOSX12.3.sdk' '-v' '-o' 'CMakeFiles/cmTC_2721a.dir/CMakeCXXCompilerABI.cpp.o' '-c' '-mmacosx-version-min=12.0.0'  '-nodefaultexport' '-mlittle-endian' '-mabi=lp64' '-dumpdir' 'CMakeFiles/cmTC_2721a.dir/CMakeCXXCompilerABI.cpp.'
Linking CXX executable cmTC_2721a
/opt/homebrew/Cellar/cmake/3.25.2/bin/cmake -E cmake_link_script CMakeFiles/cmTC_2721a.dir/link.txt --verbose=1
/opt/homebrew/opt/gcc/bin/g++-12  -arch arm64 -isysroot /Applications/Xcode.app/Contents/Developer/Platforms/MacOSX.platform/Developer/SDKs/MacOSX12.3.sdk -Wl,-search_paths_first -Wl,-headerpad_max_install_names  -v -Wl,-v CMakeFiles/cmTC_2721a.dir/CMakeCXXCompilerABI.cpp.o -o cmTC_2721a 
Using built-in specs.
COLLECT_GCC=/opt/homebrew/opt/gcc/bin/g++-12
COLLECT_LTO_WRAPPER=/opt/homebrew/Cellar/gcc/12.2.0/bin/../libexec/gcc/aarch64-apple-darwin21/12/lto-wrapper
Target: aarch64-apple-darwin21
Configured with: ../configure --prefix=/opt/homebrew/opt/gcc --libdir=/opt/homebrew/opt/gcc/lib/gcc/current --disable-nls --enable-checking=release --with-gcc-major-version-only --enable-languages=c,c++,objc,obj-c++,fortran --program-suffix=-12 --with-gmp=/opt/homebrew/opt/gmp --with-mpfr=/opt/homebrew/opt/mpfr --with-mpc=/opt/homebrew/opt/libmpc --with-isl=/opt/homebrew/opt/isl --with-zstd=/opt/homebrew/opt/zstd --with-pkgversion='Homebrew GCC 12.2.0' --with-bugurl=https://github.com/Homebrew/homebrew-core/issues --with-system-zlib --build=aarch64-apple-darwin21 --with-sysroot=/Library/Developer/CommandLineTools/SDKs/MacOSX12.sdk
Thread model: posix
Supported LTO compression algorithms: zlib zstd
gcc version 12.2.0 (Homebrew GCC 12.2.0) 
COMPILER_PATH=/opt/homebrew/Cellar/gcc/12.2.0/bin/../libexec/gcc/aarch64-apple-darwin21/12/:/opt/homebrew/Cellar/gcc/12.2.0/bin/../libexec/gcc/
LIBRARY_PATH=/opt/homebrew/Cellar/gcc/12.2.0/bin/../lib/gcc/current/gcc/aarch64-apple-darwin21/12/:/opt/homebrew/Cellar/gcc/12.2.0/bin/../lib/gcc/current/gcc/:/opt/homebrew/Cellar/gcc/12.2.0/bin/../lib/gcc/current/gcc/aarch64-apple-darwin21/12/../../../
COLLECT_GCC_OPTIONS='-isysroot' '/Applications/Xcode.app/Contents/Developer/Platforms/MacOSX.platform/Developer/SDKs/MacOSX12.3.sdk' '-v' '-o' 'cmTC_2721a' '-mmacosx-version-min=12.0.0' '-asm_macosx_version_min=12.0' '-nodefaultexport' '-mlittle-endian' '-mabi=lp64' '-dumpdir' 'cmTC_2721a.'
 /opt/homebrew/Cellar/gcc/12.2.0/bin/../libexec/gcc/aarch64-apple-darwin21/12/collect2 -dynamic -arch arm64 -syslibroot /Applications/Xcode.app/Contents/Developer/Platforms/MacOSX.platform/Developer/SDKs/MacOSX12.3.sdk -macosx_version_min 12.0.0 -o cmTC_2721a -L/opt/homebrew/Cellar/gcc/12.2.0/bin/../lib/gcc/current/gcc/aarch64-apple-darwin21/12 -L/opt/homebrew/Cellar/gcc/12.2.0/bin/../lib/gcc/current/gcc -L/opt/homebrew/Cellar/gcc/12.2.0/bin/../lib/gcc/current/gcc/aarch64-apple-darwin21/12/../../.. -search_paths_first -headerpad_max_install_names -v CMakeFiles/cmTC_2721a.dir/CMakeCXXCompilerABI.cpp.o -lstdc++ -lemutls_w -lgcc -lSystem -lgcc -no_compact_unwind -rpath @loader_path -rpath /opt/homebrew/Cellar/gcc/12.2.0/lib/gcc/current/gcc/aarch64-apple-darwin21/12 -rpath /opt/homebrew/Cellar/gcc/12.2.0/lib/gcc/current/gcc -rpath /opt/homebrew/Cellar/gcc/12.2.0/lib/gcc/current
collect2 version 12.2.0
/opt/local/bin/ld -dynamic -arch arm64 -syslibroot /Applications/Xcode.app/Contents/Developer/Platforms/MacOSX.platform/Developer/SDKs/MacOSX12.3.sdk -macosx_version_min 12.0.0 -o cmTC_2721a -L/opt/homebrew/Cellar/gcc/12.2.0/bin/../lib/gcc/current/gcc/aarch64-apple-darwin21/12 -L/opt/homebrew/Cellar/gcc/12.2.0/bin/../lib/gcc/current/gcc -L/opt/homebrew/Cellar/gcc/12.2.0/bin/../lib/gcc/current/gcc/aarch64-apple-darwin21/12/../../.. -search_paths_first -headerpad_max_install_names -v CMakeFiles/cmTC_2721a.dir/CMakeCXXCompilerABI.cpp.o -lstdc++ -lemutls_w -lgcc -lSystem -lgcc -no_compact_unwind -rpath @loader_path -rpath /opt/homebrew/Cellar/gcc/12.2.0/lib/gcc/current/gcc/aarch64-apple-darwin21/12 -rpath /opt/homebrew/Cellar/gcc/12.2.0/lib/gcc/current/gcc -rpath /opt/homebrew/Cellar/gcc/12.2.0/lib/gcc/current
@(#)PROGRAM:ld  PROJECT:ld64-764
BUILD 11:29:07 May 17 2022
configured to support archs: armv6 armv7 armv7s arm64 arm64e arm64_32 i386 x86_64 x86_64h armv6m armv7k armv7m armv7em
Library search paths:
	/opt/homebrew/Cellar/gcc/12.2.0/lib/gcc/current/gcc/aarch64-apple-darwin21/12
	/opt/homebrew/Cellar/gcc/12.2.0/lib/gcc/current/gcc
	/opt/homebrew/Cellar/gcc/12.2.0/lib/gcc/current
	/Applications/Xcode.app/Contents/Developer/Platforms/MacOSX.platform/Developer/SDKs/MacOSX12.3.sdk/usr/lib
Framework search paths:
	/Applications/Xcode.app/Contents/Developer/Platforms/MacOSX.platform/Developer/SDKs/MacOSX12.3.sdk/System/Library/Frameworks/



Parsed CXX implicit include dir info from above output: rv=done
  found start of include info
  found start of implicit include info
    add: [/opt/homebrew/Cellar/gcc/12.2.0/bin/../lib/gcc/current/gcc/aarch64-apple-darwin21/12/../../../../../../include/c++/12]
    add: [/opt/homebrew/Cellar/gcc/12.2.0/bin/../lib/gcc/current/gcc/aarch64-apple-darwin21/12/../../../../../../include/c++/12/aarch64-apple-darwin21]
    add: [/opt/homebrew/Cellar/gcc/12.2.0/bin/../lib/gcc/current/gcc/aarch64-apple-darwin21/12/../../../../../../include/c++/12/backward]
    add: [/opt/homebrew/Cellar/gcc/12.2.0/bin/../lib/gcc/current/gcc/aarch64-apple-darwin21/12/include]
    add: [/opt/homebrew/Cellar/gcc/12.2.0/bin/../lib/gcc/current/gcc/aarch64-apple-darwin21/12/include-fixed]
    add: [/Applications/Xcode.app/Contents/Developer/Platforms/MacOSX.platform/Developer/SDKs/MacOSX12.3.sdk/usr/include]
    add: [/Applications/Xcode.app/Contents/Developer/Platforms/MacOSX.platform/Developer/SDKs/MacOSX12.3.sdk/System/Library/Frameworks]
  end of search list found
  collapse include dir [/opt/homebrew/Cellar/gcc/12.2.0/bin/../lib/gcc/current/gcc/aarch64-apple-darwin21/12/../../../../../../include/c++/12] ==> [/opt/homebrew/Cellar/gcc/12.2.0/include/c++/12]
  collapse include dir [/opt/homebrew/Cellar/gcc/12.2.0/bin/../lib/gcc/current/gcc/aarch64-apple-darwin21/12/../../../../../../include/c++/12/aarch64-apple-darwin21] ==> [/opt/homebrew/Cellar/gcc/12.2.0/include/c++/12/aarch64-apple-darwin21]
  collapse include dir [/opt/homebrew/Cellar/gcc/12.2.0/bin/../lib/gcc/current/gcc/aarch64-apple-darwin21/12/../../../../../../include/c++/12/backward] ==> [/opt/homebrew/Cellar/gcc/12.2.0/include/c++/12/backward]
  collapse include dir [/opt/homebrew/Cellar/gcc/12.2.0/bin/../lib/gcc/current/gcc/aarch64-apple-darwin21/12/include] ==> [/opt/homebrew/Cellar/gcc/12.2.0/lib/gcc/current/gcc/aarch64-apple-darwin21/12/include]
  collapse include dir [/opt/homebrew/Cellar/gcc/12.2.0/bin/../lib/gcc/current/gcc/aarch64-apple-darwin21/12/include-fixed] ==> [/opt/homebrew/Cellar/gcc/12.2.0/lib/gcc/current/gcc/aarch64-apple-darwin21/12/include-fixed]
  collapse include dir [/Applications/Xcode.app/Contents/Developer/Platforms/MacOSX.platform/Developer/SDKs/MacOSX12.3.sdk/usr/include] ==> [/Applications/Xcode.app/Contents/Developer/Platforms/MacOSX.platform/Developer/SDKs/MacOSX12.3.sdk/usr/include]
  collapse include dir [/Applications/Xcode.app/Contents/Developer/Platforms/MacOSX.platform/Developer/SDKs/MacOSX12.3.sdk/System/Library/Frameworks] ==> [/Applications/Xcode.app/Contents/Developer/Platforms/MacOSX.platform/Developer/SDKs/MacOSX12.3.sdk/System/Library/Frameworks]
  implicit include dirs: [/opt/homebrew/Cellar/gcc/12.2.0/include/c++/12;/opt/homebrew/Cellar/gcc/12.2.0/include/c++/12/aarch64-apple-darwin21;/opt/homebrew/Cellar/gcc/12.2.0/include/c++/12/backward;/opt/homebrew/Cellar/gcc/12.2.0/lib/gcc/current/gcc/aarch64-apple-darwin21/12/include;/opt/homebrew/Cellar/gcc/12.2.0/lib/gcc/current/gcc/aarch64-apple-darwin21/12/include-fixed;/Applications/Xcode.app/Contents/Developer/Platforms/MacOSX.platform/Developer/SDKs/MacOSX12.3.sdk/usr/include;/Applications/Xcode.app/Contents/Developer/Platforms/MacOSX.platform/Developer/SDKs/MacOSX12.3.sdk/System/Library/Frameworks]


Parsed CXX implicit link information from above output:
  link line regex: [^( *|.*[/\])(ld|CMAKE_LINK_STARTFILE-NOTFOUND|([^/\]+-)?ld|collect2)[^/\]*( |$)]
  ignore line: [Change Dir: /Users/ia4118/CLionProjects/3D_RandomWalk/build/CMakeFiles/CMakeScratch/TryCompile-o2FWU4]
  ignore line: []
  ignore line: [Run Build Command(s):/usr/bin/make -f Makefile cmTC_2721a/fast && /Applications/Xcode.app/Contents/Developer/usr/bin/make  -f CMakeFiles/cmTC_2721a.dir/build.make CMakeFiles/cmTC_2721a.dir/build]
  ignore line: [Building CXX object CMakeFiles/cmTC_2721a.dir/CMakeCXXCompilerABI.cpp.o]
  ignore line: [/opt/homebrew/opt/gcc/bin/g++-12   -arch arm64 -isysroot /Applications/Xcode.app/Contents/Developer/Platforms/MacOSX.platform/Developer/SDKs/MacOSX12.3.sdk   -v -Wl -v -o CMakeFiles/cmTC_2721a.dir/CMakeCXXCompilerABI.cpp.o -c /opt/homebrew/Cellar/cmake/3.25.2/share/cmake/Modules/CMakeCXXCompilerABI.cpp]
  ignore line: [Using built-in specs.]
  ignore line: [COLLECT_GCC=/opt/homebrew/opt/gcc/bin/g++-12]
  ignore line: [Target: aarch64-apple-darwin21]
  ignore line: [Configured with: ../configure --prefix=/opt/homebrew/opt/gcc --libdir=/opt/homebrew/opt/gcc/lib/gcc/current --disable-nls --enable-checking=release --with-gcc-major-version-only --enable-languages=c c++ objc obj-c++ fortran --program-suffix=-12 --with-gmp=/opt/homebrew/opt/gmp --with-mpfr=/opt/homebrew/opt/mpfr --with-mpc=/opt/homebrew/opt/libmpc --with-isl=/opt/homebrew/opt/isl --with-zstd=/opt/homebrew/opt/zstd --with-pkgversion='Homebrew GCC 12.2.0' --with-bugurl=https://github.com/Homebrew/homebrew-core/issues --with-system-zlib --build=aarch64-apple-darwin21 --with-sysroot=/Library/Developer/CommandLineTools/SDKs/MacOSX12.sdk]
  ignore line: [Thread model: posix]
  ignore line: [Supported LTO compression algorithms: zlib zstd]
  ignore line: [gcc version 12.2.0 (Homebrew GCC 12.2.0) ]
  ignore line: [COLLECT_GCC_OPTIONS='-isysroot' '/Applications/Xcode.app/Contents/Developer/Platforms/MacOSX.platform/Developer/SDKs/MacOSX12.3.sdk' '-v' '-o' 'CMakeFiles/cmTC_2721a.dir/CMakeCXXCompilerABI.cpp.o' '-c' '-mmacosx-version-min=12.0.0' '-asm_macosx_version_min=12.0' '-nodefaultexport' '-mlittle-endian' '-mabi=lp64' '-dumpdir' 'CMakeFiles/cmTC_2721a.dir/']
  ignore line: [ /opt/homebrew/Cellar/gcc/12.2.0/bin/../libexec/gcc/aarch64-apple-darwin21/12/cc1plus -quiet -v -iprefix /opt/homebrew/Cellar/gcc/12.2.0/bin/../lib/gcc/current/gcc/aarch64-apple-darwin21/12/ -D__DYNAMIC__ -isysroot /Applications/Xcode.app/Contents/Developer/Platforms/MacOSX.platform/Developer/SDKs/MacOSX12.3.sdk /opt/homebrew/Cellar/cmake/3.25.2/share/cmake/Modules/CMakeCXXCompilerABI.cpp -fPIC -quiet -dumpdir CMakeFiles/cmTC_2721a.dir/ -dumpbase CMakeCXXCompilerABI.cpp.cpp -dumpbase-ext .cpp -mmacosx-version-min=12.0.0 -mlittle-endian -mabi=lp64 -version -o /var/folders/xs/v6q3rmcj5211sjzbgfbphbfm0000gp/T//ccWP4HZJ.s]
  ignore line: [GNU C++17 (Homebrew GCC 12.2.0) version 12.2.0 (aarch64-apple-darwin21)]
  ignore line: [	compiled by GNU C version 12.2.0  GMP version 6.2.1  MPFR version 4.1.0-p13  MPC version 1.2.1  isl version isl-0.25-GMP]
  ignore line: []
  ignore line: [warning: MPFR header version 4.1.0-p13 differs from library version 4.2.0.]
  ignore line: [warning: MPC header version 1.2.1 differs from library version 1.3.1.]
  ignore line: [GGC heuristics: --param ggc-min-expand=100 --param ggc-min-heapsize=131072]
  ignore line: [ignoring nonexistent directory "/opt/homebrew/Cellar/gcc/12.2.0/bin/../lib/gcc/current/gcc/aarch64-apple-darwin21/12/../../../../../../aarch64-apple-darwin21/include"]
  ignore line: [ignoring duplicate directory "/opt/homebrew/Cellar/gcc/12.2.0/bin/../lib/gcc/current/gcc/../../../../lib/gcc/current/gcc/aarch64-apple-darwin21/12/../../../../../../include/c++/12"]
  ignore line: [ignoring duplicate directory "/opt/homebrew/Cellar/gcc/12.2.0/bin/../lib/gcc/current/gcc/../../../../lib/gcc/current/gcc/aarch64-apple-darwin21/12/../../../../../../include/c++/12/aarch64-apple-darwin21"]
  ignore line: [ignoring duplicate directory "/opt/homebrew/Cellar/gcc/12.2.0/bin/../lib/gcc/current/gcc/../../../../lib/gcc/current/gcc/aarch64-apple-darwin21/12/../../../../../../include/c++/12/backward"]
  ignore line: [ignoring duplicate directory "/opt/homebrew/Cellar/gcc/12.2.0/bin/../lib/gcc/current/gcc/../../../../lib/gcc/current/gcc/aarch64-apple-darwin21/12/include"]
  ignore line: [ignoring nonexistent directory "/Applications/Xcode.app/Contents/Developer/Platforms/MacOSX.platform/Developer/SDKs/MacOSX12.3.sdk/usr/local/include"]
  ignore line: [ignoring duplicate directory "/opt/homebrew/Cellar/gcc/12.2.0/bin/../lib/gcc/current/gcc/../../../../lib/gcc/current/gcc/aarch64-apple-darwin21/12/include-fixed"]
  ignore line: [ignoring nonexistent directory "/opt/homebrew/Cellar/gcc/12.2.0/bin/../lib/gcc/current/gcc/../../../../lib/gcc/current/gcc/aarch64-apple-darwin21/12/../../../../../../aarch64-apple-darwin21/include"]
  ignore line: [ignoring nonexistent directory "/Applications/Xcode.app/Contents/Developer/Platforms/MacOSX.platform/Developer/SDKs/MacOSX12.3.sdk/Library/Frameworks"]
  ignore line: [#include "..." search starts here:]
  ignore line: [#include <...> search starts here:]
  ignore line: [ /opt/homebrew/Cellar/gcc/12.2.0/bin/../lib/gcc/current/gcc/aarch64-apple-darwin21/12/../../../../../../include/c++/12]
  ignore line: [ /opt/homebrew/Cellar/gcc/12.2.0/bin/../lib/gcc/current/gcc/aarch64-apple-darwin21/12/../../../../../../include/c++/12/aarch64-apple-darwin21]
  ignore line: [ /opt/homebrew/Cellar/gcc/12.2.0/bin/../lib/gcc/current/gcc/aarch64-apple-darwin21/12/../../../../../../include/c++/12/backward]
  ignore line: [ /opt/homebrew/Cellar/gcc/12.2.0/bin/../lib/gcc/current/gcc/aarch64-apple-darwin21/12/include]
  ignore line: [ /opt/homebrew/Cellar/gcc/12.2.0/bin/../lib/gcc/current/gcc/aarch64-apple-darwin21/12/include-fixed]
  ignore line: [ /Applications/Xcode.app/Contents/Developer/Platforms/MacOSX.platform/Developer/SDKs/MacOSX12.3.sdk/usr/include]
  ignore line: [ /Applications/Xcode.app/Contents/Developer/Platforms/MacOSX.platform/Developer/SDKs/MacOSX12.3.sdk/System/Library/Frameworks]
  ignore line: [End of search list.]
  ignore line: [GNU C++17 (Homebrew GCC 12.2.0) version 12.2.0 (aarch64-apple-darwin21)]
  ignore line: [	compiled by GNU C version 12.2.0  GMP version 6.2.1  MPFR version 4.1.0-p13  MPC version 1.2.1  isl version isl-0.25-GMP]
  ignore line: []
  ignore line: [warning: MPFR header version 4.1.0-p13 differs from library version 4.2.0.]
  ignore line: [warning: MPC header version 1.2.1 differs from library version 1.3.1.]
  ignore line: [GGC heuristics: --param ggc-min-expand=100 --param ggc-min-heapsize=131072]
  ignore line: [Compiler executable checksum: 0763a482a23176f685c5d5f7c0ea1aee]
  ignore line: [COLLECT_GCC_OPTIONS='-isysroot' '/Applications/Xcode.app/Contents/Developer/Platforms/MacOSX.platform/Developer/SDKs/MacOSX12.3.sdk' '-v' '-o' 'CMakeFiles/cmTC_2721a.dir/CMakeCXXCompilerABI.cpp.o' '-c' '-mmacosx-version-min=12.0.0'  '-nodefaultexport' '-mlittle-endian' '-mabi=lp64' '-dumpdir' 'CMakeFiles/cmTC_2721a.dir/']
  ignore line: [ as -arch arm64 -v -mmacosx-version-min=12.0 -o CMakeFiles/cmTC_2721a.dir/CMakeCXXCompilerABI.cpp.o /var/folders/xs/v6q3rmcj5211sjzbgfbphbfm0000gp/T//ccWP4HZJ.s]
  ignore line: [Apple clang version 13.1.6 (clang-1316.0.21.2.5)]
  ignore line: [Target: arm64-apple-darwin21.5.0]
  ignore line: [Thread model: posix]
  ignore line: [InstalledDir: /Applications/Xcode.app/Contents/Developer/Toolchains/XcodeDefault.xctoolchain/usr/bin]
  ignore line: [ "/Applications/Xcode.app/Contents/Developer/Toolchains/XcodeDefault.xctoolchain/usr/bin/clang" -cc1as -triple arm64-apple-macosx12.0.0 -filetype obj -main-file-name ccWP4HZJ.s -target-cpu apple-m1 -target-feature +v8.5a -target-feature +fp-armv8 -target-feature +neon -target-feature +crc -target-feature +crypto -target-feature +dotprod -target-feature +fp16fml -target-feature +ras -target-feature +lse -target-feature +rdm -target-feature +rcpc -target-feature +zcm -target-feature +zcz -target-feature +fullfp16 -target-feature +sm4 -target-feature +sha3 -target-feature +sha2 -target-feature +aes -fdebug-compilation-dir=/Users/ia4118/CLionProjects/3D_RandomWalk/build/CMakeFiles/CMakeScratch/TryCompile-o2FWU4 -dwarf-debug-producer "Apple clang version 13.1.6 (clang-1316.0.21.2.5)" -dwarf-version=4 -mrelocation-model pic --mrelax-relocations -mllvm -disable-aligned-alloc-awareness=1 -o CMakeFiles/cmTC_2721a.dir/CMakeCXXCompilerABI.cpp.o /var/folders/xs/v6q3rmcj5211sjzbgfbphbfm0000gp/T//ccWP4HZJ.s]
  ignore line: [COMPILER_PATH=/opt/homebrew/Cellar/gcc/12.2.0/bin/../libexec/gcc/aarch64-apple-darwin21/12/:/opt/homebrew/Cellar/gcc/12.2.0/bin/../libexec/gcc/]
  ignore line: [LIBRARY_PATH=/opt/homebrew/Cellar/gcc/12.2.0/bin/../lib/gcc/current/gcc/aarch64-apple-darwin21/12/:/opt/homebrew/Cellar/gcc/12.2.0/bin/../lib/gcc/current/gcc/:/opt/homebrew/Cellar/gcc/12.2.0/bin/../lib/gcc/current/gcc/aarch64-apple-darwin21/12/../../../]
  ignore line: [COLLECT_GCC_OPTIONS='-isysroot' '/Applications/Xcode.app/Contents/Developer/Platforms/MacOSX.platform/Developer/SDKs/MacOSX12.3.sdk' '-v' '-o' 'CMakeFiles/cmTC_2721a.dir/CMakeCXXCompilerABI.cpp.o' '-c' '-mmacosx-version-min=12.0.0'  '-nodefaultexport' '-mlittle-endian' '-mabi=lp64' '-dumpdir' 'CMakeFiles/cmTC_2721a.dir/CMakeCXXCompilerABI.cpp.']
  ignore line: [Linking CXX executable cmTC_2721a]
  ignore line: [/opt/homebrew/Cellar/cmake/3.25.2/bin/cmake -E cmake_link_script CMakeFiles/cmTC_2721a.dir/link.txt --verbose=1]
  ignore line: [/opt/homebrew/opt/gcc/bin/g++-12  -arch arm64 -isysroot /Applications/Xcode.app/Contents/Developer/Platforms/MacOSX.platform/Developer/SDKs/MacOSX12.3.sdk -Wl -search_paths_first -Wl -headerpad_max_install_names  -v -Wl -v CMakeFiles/cmTC_2721a.dir/CMakeCXXCompilerABI.cpp.o -o cmTC_2721a ]
  ignore line: [Using built-in specs.]
  ignore line: [COLLECT_GCC=/opt/homebrew/opt/gcc/bin/g++-12]
  ignore line: [COLLECT_LTO_WRAPPER=/opt/homebrew/Cellar/gcc/12.2.0/bin/../libexec/gcc/aarch64-apple-darwin21/12/lto-wrapper]
  ignore line: [Target: aarch64-apple-darwin21]
  ignore line: [Configured with: ../configure --prefix=/opt/homebrew/opt/gcc --libdir=/opt/homebrew/opt/gcc/lib/gcc/current --disable-nls --enable-checking=release --with-gcc-major-version-only --enable-languages=c c++ objc obj-c++ fortran --program-suffix=-12 --with-gmp=/opt/homebrew/opt/gmp --with-mpfr=/opt/homebrew/opt/mpfr --with-mpc=/opt/homebrew/opt/libmpc --with-isl=/opt/homebrew/opt/isl --with-zstd=/opt/homebrew/opt/zstd --with-pkgversion='Homebrew GCC 12.2.0' --with-bugurl=https://github.com/Homebrew/homebrew-core/issues --with-system-zlib --build=aarch64-apple-darwin21 --with-sysroot=/Library/Developer/CommandLineTools/SDKs/MacOSX12.sdk]
  ignore line: [Thread model: posix]
  ignore line: [Supported LTO compression algorithms: zlib zstd]
  ignore line: [gcc version 12.2.0 (Homebrew GCC 12.2.0) ]
  ignore line: [COMPILER_PATH=/opt/homebrew/Cellar/gcc/12.2.0/bin/../libexec/gcc/aarch64-apple-darwin21/12/:/opt/homebrew/Cellar/gcc/12.2.0/bin/../libexec/gcc/]
  ignore line: [LIBRARY_PATH=/opt/homebrew/Cellar/gcc/12.2.0/bin/../lib/gcc/current/gcc/aarch64-apple-darwin21/12/:/opt/homebrew/Cellar/gcc/12.2.0/bin/../lib/gcc/current/gcc/:/opt/homebrew/Cellar/gcc/12.2.0/bin/../lib/gcc/current/gcc/aarch64-apple-darwin21/12/../../../]
  ignore line: [COLLECT_GCC_OPTIONS='-isysroot' '/Applications/Xcode.app/Contents/Developer/Platforms/MacOSX.platform/Developer/SDKs/MacOSX12.3.sdk' '-v' '-o' 'cmTC_2721a' '-mmacosx-version-min=12.0.0' '-asm_macosx_version_min=12.0' '-nodefaultexport' '-mlittle-endian' '-mabi=lp64' '-dumpdir' 'cmTC_2721a.']
  link line: [ /opt/homebrew/Cellar/gcc/12.2.0/bin/../libexec/gcc/aarch64-apple-darwin21/12/collect2 -dynamic -arch arm64 -syslibroot /Applications/Xcode.app/Contents/Developer/Platforms/MacOSX.platform/Developer/SDKs/MacOSX12.3.sdk -macosx_version_min 12.0.0 -o cmTC_2721a -L/opt/homebrew/Cellar/gcc/12.2.0/bin/../lib/gcc/current/gcc/aarch64-apple-darwin21/12 -L/opt/homebrew/Cellar/gcc/12.2.0/bin/../lib/gcc/current/gcc -L/opt/homebrew/Cellar/gcc/12.2.0/bin/../lib/gcc/current/gcc/aarch64-apple-darwin21/12/../../.. -search_paths_first -headerpad_max_install_names -v CMakeFiles/cmTC_2721a.dir/CMakeCXXCompilerABI.cpp.o -lstdc++ -lemutls_w -lgcc -lSystem -lgcc -no_compact_unwind -rpath @loader_path -rpath /opt/homebrew/Cellar/gcc/12.2.0/lib/gcc/current/gcc/aarch64-apple-darwin21/12 -rpath /opt/homebrew/Cellar/gcc/12.2.0/lib/gcc/current/gcc -rpath /opt/homebrew/Cellar/gcc/12.2.0/lib/gcc/current]
    arg [/opt/homebrew/Cellar/gcc/12.2.0/bin/../libexec/gcc/aarch64-apple-darwin21/12/collect2] ==> ignore
    arg [-dynamic] ==> ignore
    arg [-arch] ==> ignore
    arg [arm64] ==> ignore
    arg [-syslibroot] ==> ignore
    arg [/Applications/Xcode.app/Contents/Developer/Platforms/MacOSX.platform/Developer/SDKs/MacOSX12.3.sdk] ==> ignore
    arg [-macosx_version_min] ==> ignore
    arg [12.0.0] ==> ignore
    arg [-o] ==> ignore
    arg [cmTC_2721a] ==> ignore
    arg [-L/opt/homebrew/Cellar/gcc/12.2.0/bin/../lib/gcc/current/gcc/aarch64-apple-darwin21/12] ==> dir [/opt/homebrew/Cellar/gcc/12.2.0/bin/../lib/gcc/current/gcc/aarch64-apple-darwin21/12]
    arg [-L/opt/homebrew/Cellar/gcc/12.2.0/bin/../lib/gcc/current/gcc] ==> dir [/opt/homebrew/Cellar/gcc/12.2.0/bin/../lib/gcc/current/gcc]
    arg [-L/opt/homebrew/Cellar/gcc/12.2.0/bin/../lib/gcc/current/gcc/aarch64-apple-darwin21/12/../../..] ==> dir [/opt/homebrew/Cellar/gcc/12.2.0/bin/../lib/gcc/current/gcc/aarch64-apple-darwin21/12/../../..]
    arg [-search_paths_first] ==> ignore
    arg [-headerpad_max_install_names] ==> ignore
    arg [-v] ==> ignore
    arg [CMakeFiles/cmTC_2721a.dir/CMakeCXXCompilerABI.cpp.o] ==> ignore
    arg [-lstdc++] ==> lib [stdc++]
    arg [-lemutls_w] ==> lib [emutls_w]
    arg [-lgcc] ==> lib [gcc]
    arg [-lSystem] ==> lib [System]
    arg [-lgcc] ==> lib [gcc]
    arg [-no_compact_unwind] ==> ignore
    arg [-rpath] ==> ignore
    arg [@loader_path] ==> ignore
    arg [-rpath] ==> ignore
    arg [/opt/homebrew/Cellar/gcc/12.2.0/lib/gcc/current/gcc/aarch64-apple-darwin21/12] ==> ignore
    arg [-rpath] ==> ignore
    arg [/opt/homebrew/Cellar/gcc/12.2.0/lib/gcc/current/gcc] ==> ignore
    arg [-rpath] ==> ignore
    arg [/opt/homebrew/Cellar/gcc/12.2.0/lib/gcc/current] ==> ignore
  Library search paths: [;/opt/homebrew/Cellar/gcc/12.2.0/lib/gcc/current/gcc/aarch64-apple-darwin21/12;/opt/homebrew/Cellar/gcc/12.2.0/lib/gcc/current/gcc;/opt/homebrew/Cellar/gcc/12.2.0/lib/gcc/current;/Applications/Xcode.app/Contents/Developer/Platforms/MacOSX.platform/Developer/SDKs/MacOSX12.3.sdk/usr/lib]
  Framework search paths: [;/Applications/Xcode.app/Contents/Developer/Platforms/MacOSX.platform/Developer/SDKs/MacOSX12.3.sdk/System/Library/Frameworks/]
  remove lib [System]
  collapse library dir [/opt/homebrew/Cellar/gcc/12.2.0/bin/../lib/gcc/current/gcc/aarch64-apple-darwin21/12] ==> [/opt/homebrew/Cellar/gcc/12.2.0/lib/gcc/current/gcc/aarch64-apple-darwin21/12]
  collapse library dir [/opt/homebrew/Cellar/gcc/12.2.0/bin/../lib/gcc/current/gcc] ==> [/opt/homebrew/Cellar/gcc/12.2.0/lib/gcc/current/gcc]
  collapse library dir [/opt/homebrew/Cellar/gcc/12.2.0/bin/../lib/gcc/current/gcc/aarch64-apple-darwin21/12/../../..] ==> [/opt/homebrew/Cellar/gcc/12.2.0/lib/gcc/current]
  collapse library dir [/opt/homebrew/Cellar/gcc/12.2.0/lib/gcc/current/gcc/aarch64-apple-darwin21/12] ==> [/opt/homebrew/Cellar/gcc/12.2.0/lib/gcc/current/gcc/aarch64-apple-darwin21/12]
  collapse library dir [/opt/homebrew/Cellar/gcc/12.2.0/lib/gcc/current/gcc] ==> [/opt/homebrew/Cellar/gcc/12.2.0/lib/gcc/current/gcc]
  collapse library dir [/opt/homebrew/Cellar/gcc/12.2.0/lib/gcc/current] ==> [/opt/homebrew/Cellar/gcc/12.2.0/lib/gcc/current]
  collapse library dir [/Applications/Xcode.app/Contents/Developer/Platforms/MacOSX.platform/Developer/SDKs/MacOSX12.3.sdk/usr/lib] ==> [/Applications/Xcode.app/Contents/Developer/Platforms/MacOSX.platform/Developer/SDKs/MacOSX12.3.sdk/usr/lib]
  collapse framework dir [/Applications/Xcode.app/Contents/Developer/Platforms/MacOSX.platform/Developer/SDKs/MacOSX12.3.sdk/System/Library/Frameworks/] ==> [/Applications/Xcode.app/Contents/Developer/Platforms/MacOSX.platform/Developer/SDKs/MacOSX12.3.sdk/System/Library/Frameworks]
  implicit libs: [stdc++;emutls_w;gcc;gcc]
  implicit objs: []
  implicit dirs: [/opt/homebrew/Cellar/gcc/12.2.0/lib/gcc/current/gcc/aarch64-apple-darwin21/12;/opt/homebrew/Cellar/gcc/12.2.0/lib/gcc/current/gcc;/opt/homebrew/Cellar/gcc/12.2.0/lib/gcc/current;/Applications/Xcode.app/Contents/Developer/Platforms/MacOSX.platform/Developer/SDKs/MacOSX12.3.sdk/usr/lib]
  implicit fwks: [/Applications/Xcode.app/Contents/Developer/Platforms/MacOSX.platform/Developer/SDKs/MacOSX12.3.sdk/System/Library/Frameworks]


Performing C++ SOURCE FILE Test HAVE_FLAG__ffile_prefix_map__Users_ia4118_CLionProjects_3D_RandomWalk_third_party_Catch2_3_3_1__ succeeded with the following output:
Change Dir: /Users/ia4118/CLionProjects/3D_RandomWalk/build/CMakeFiles/CMakeScratch/TryCompile-HkkZnc

Run Build Command(s):/usr/bin/make -f Makefile cmTC_53d70/fast && /Applications/Xcode.app/Contents/Developer/usr/bin/make  -f CMakeFiles/cmTC_53d70.dir/build.make CMakeFiles/cmTC_53d70.dir/build
Building CXX object CMakeFiles/cmTC_53d70.dir/src.cxx.o
/opt/homebrew/opt/gcc/bin/g++-12 -DHAVE_FLAG__ffile_prefix_map__Users_ia4118_CLionProjects_3D_RandomWalk_third_party_Catch2_3_3_1__  -g -Wall -Wextra -Wno-unknown-pragmas -Wno-unused-function -Wno-error=deprecated-declarations -Wno-error=unused-variable -Wno-error=maybe-uninitialized -Wno-error=unused-parameter -Wno-error=unused-but-set-variable -Wno-error=unused-result -Wno-error=sign-compare -Wno-error=type-limits -Wno-error=parentheses -Wno-error=reorder -Wno-error=ignored-qualifiers -Wno-error=unused-local-typedefs -Wno-error=class-memaccess -Wno-error=nonnull -Wno-error=type-limits -Wno-error=misleading-indentation -std=c++17  -arch arm64 -isysroot /Applications/Xcode.app/Contents/Developer/Platforms/MacOSX.platform/Developer/SDKs/MacOSX12.3.sdk   -ffile-prefix-map=/Users/ia4118/CLionProjects/3D_RandomWalk/third_party/Catch2-3.3.1/= -o CMakeFiles/cmTC_53d70.dir/src.cxx.o -c /Users/ia4118/CLionProjects/3D_RandomWalk/build/CMakeFiles/CMakeScratch/TryCompile-HkkZnc/src.cxx
Linking CXX executable cmTC_53d70
/opt/homebrew/Cellar/cmake/3.25.2/bin/cmake -E cmake_link_script CMakeFiles/cmTC_53d70.dir/link.txt --verbose=1
/opt/homebrew/opt/gcc/bin/g++-12  -g -Wall -Wextra -Wno-unknown-pragmas -Wno-unused-function -Wno-error=deprecated-declarations -Wno-error=unused-variable -Wno-error=maybe-uninitialized -Wno-error=unused-parameter -Wno-error=unused-but-set-variable -Wno-error=unused-result -Wno-error=sign-compare -Wno-error=type-limits -Wno-error=parentheses -Wno-error=reorder -Wno-error=ignored-qualifiers -Wno-error=unused-local-typedefs -Wno-error=class-memaccess -Wno-error=nonnull -Wno-error=type-limits -Wno-error=misleading-indentation -std=c++17  -arch arm64 -isysroot /Applications/Xcode.app/Contents/Developer/Platforms/MacOSX.platform/Developer/SDKs/MacOSX12.3.sdk -Wl,-search_paths_first -Wl,-headerpad_max_install_names CMakeFiles/cmTC_53d70.dir/src.cxx.o -o cmTC_53d70 


Source file was:
int main() { return 0; }

Detecting C OpenMP compiler ABI info compiled with the following output:
Change Dir: /Users/ia4118/CLionProjects/3D_RandomWalk/build/CMakeFiles/CMakeScratch/TryCompile-6R0Bjx

Run Build Command(s):/usr/bin/make -f Makefile cmTC_b3d0d/fast && /Applications/Xcode.app/Contents/Developer/usr/bin/make  -f CMakeFiles/cmTC_b3d0d.dir/build.make CMakeFiles/cmTC_b3d0d.dir/build
Building C object CMakeFiles/cmTC_b3d0d.dir/OpenMPTryFlag.c.o
/opt/homebrew/opt/gcc/bin/gcc-12   -g -fopenmp -v -arch arm64 -isysroot /Applications/Xcode.app/Contents/Developer/Platforms/MacOSX.platform/Developer/SDKs/MacOSX12.3.sdk -o CMakeFiles/cmTC_b3d0d.dir/OpenMPTryFlag.c.o -c /Users/ia4118/CLionProjects/3D_RandomWalk/build/CMakeFiles/CMakeScratch/TryCompile-6R0Bjx/OpenMPTryFlag.c
Using built-in specs.
COLLECT_GCC=/opt/homebrew/opt/gcc/bin/gcc-12
Target: aarch64-apple-darwin21
Configured with: ../configure --prefix=/opt/homebrew/opt/gcc --libdir=/opt/homebrew/opt/gcc/lib/gcc/current --disable-nls --enable-checking=release --with-gcc-major-version-only --enable-languages=c,c++,objc,obj-c++,fortran --program-suffix=-12 --with-gmp=/opt/homebrew/opt/gmp --with-mpfr=/opt/homebrew/opt/mpfr --with-mpc=/opt/homebrew/opt/libmpc --with-isl=/opt/homebrew/opt/isl --with-zstd=/opt/homebrew/opt/zstd --with-pkgversion='Homebrew GCC 12.2.0' --with-bugurl=https://github.com/Homebrew/homebrew-core/issues --with-system-zlib --build=aarch64-apple-darwin21 --with-sysroot=/Library/Developer/CommandLineTools/SDKs/MacOSX12.sdk
Thread model: posix
Supported LTO compression algorithms: zlib zstd
gcc version 12.2.0 (Homebrew GCC 12.2.0) 
COLLECT_GCC_OPTIONS='-g' '-fopenmp' '-v' '-isysroot' '/Applications/Xcode.app/Contents/Developer/Platforms/MacOSX.platform/Developer/SDKs/MacOSX12.3.sdk' '-o' 'CMakeFiles/cmTC_b3d0d.dir/OpenMPTryFlag.c.o' '-c' '-mmacosx-version-min=12.0.0' '-asm_macosx_version_min=12.0' '-nodefaultexport' '-mlittle-endian' '-mabi=lp64' '-dumpdir' 'CMakeFiles/cmTC_b3d0d.dir/'
 /opt/homebrew/Cellar/gcc/12.2.0/bin/../libexec/gcc/aarch64-apple-darwin21/12/cc1 -quiet -v -iprefix /opt/homebrew/Cellar/gcc/12.2.0/bin/../lib/gcc/current/gcc/aarch64-apple-darwin21/12/ -D__DYNAMIC__ -isysroot /Applications/Xcode.app/Contents/Developer/Platforms/MacOSX.platform/Developer/SDKs/MacOSX12.3.sdk /Users/ia4118/CLionProjects/3D_RandomWalk/build/CMakeFiles/CMakeScratch/TryCompile-6R0Bjx/OpenMPTryFlag.c -fPIC -quiet -dumpdir CMakeFiles/cmTC_b3d0d.dir/ -dumpbase OpenMPTryFlag.c.c -dumpbase-ext .c -mmacosx-version-min=12.0.0 -mlittle-endian -mabi=lp64 -g -version -fopenmp -o /var/folders/xs/v6q3rmcj5211sjzbgfbphbfm0000gp/T//ccyAyaaQ.s
GNU C17 (Homebrew GCC 12.2.0) version 12.2.0 (aarch64-apple-darwin21)
	compiled by GNU C version 12.2.0, GMP version 6.2.1, MPFR version 4.1.0-p13, MPC version 1.2.1, isl version isl-0.25-GMP

warning: MPFR header version 4.1.0-p13 differs from library version 4.2.0.
warning: MPC header version 1.2.1 differs from library version 1.3.1.
GGC heuristics: --param ggc-min-expand=100 --param ggc-min-heapsize=131072
ignoring nonexistent directory "/opt/homebrew/Cellar/gcc/12.2.0/bin/../lib/gcc/current/gcc/aarch64-apple-darwin21/12/../../../../../../aarch64-apple-darwin21/include"
ignoring duplicate directory "/opt/homebrew/Cellar/gcc/12.2.0/bin/../lib/gcc/current/gcc/../../../../lib/gcc/current/gcc/aarch64-apple-darwin21/12/include"
ignoring nonexistent directory "/Applications/Xcode.app/Contents/Developer/Platforms/MacOSX.platform/Developer/SDKs/MacOSX12.3.sdk/usr/local/include"
ignoring duplicate directory "/opt/homebrew/Cellar/gcc/12.2.0/bin/../lib/gcc/current/gcc/../../../../lib/gcc/current/gcc/aarch64-apple-darwin21/12/include-fixed"
ignoring nonexistent directory "/opt/homebrew/Cellar/gcc/12.2.0/bin/../lib/gcc/current/gcc/../../../../lib/gcc/current/gcc/aarch64-apple-darwin21/12/../../../../../../aarch64-apple-darwin21/include"
ignoring nonexistent directory "/Applications/Xcode.app/Contents/Developer/Platforms/MacOSX.platform/Developer/SDKs/MacOSX12.3.sdk/Library/Frameworks"
#include "..." search starts here:
#include <...> search starts here:
 /opt/homebrew/Cellar/gcc/12.2.0/bin/../lib/gcc/current/gcc/aarch64-apple-darwin21/12/include
 /opt/homebrew/Cellar/gcc/12.2.0/bin/../lib/gcc/current/gcc/aarch64-apple-darwin21/12/include-fixed
 /Applications/Xcode.app/Contents/Developer/Platforms/MacOSX.platform/Developer/SDKs/MacOSX12.3.sdk/usr/include
 /Applications/Xcode.app/Contents/Developer/Platforms/MacOSX.platform/Developer/SDKs/MacOSX12.3.sdk/System/Library/Frameworks
End of search list.
GNU C17 (Homebrew GCC 12.2.0) version 12.2.0 (aarch64-apple-darwin21)
	compiled by GNU C version 12.2.0, GMP version 6.2.1, MPFR version 4.1.0-p13, MPC version 1.2.1, isl version isl-0.25-GMP

warning: MPFR header version 4.1.0-p13 differs from library version 4.2.0.
warning: MPC header version 1.2.1 differs from library version 1.3.1.
GGC heuristics: --param ggc-min-expand=100 --param ggc-min-heapsize=131072
Compiler executable checksum: aa4ea59d62ba10f3e184453dda5b310b
COLLECT_GCC_OPTIONS='-g' '-fopenmp' '-v' '-isysroot' '/Applications/Xcode.app/Contents/Developer/Platforms/MacOSX.platform/Developer/SDKs/MacOSX12.3.sdk' '-o' 'CMakeFiles/cmTC_b3d0d.dir/OpenMPTryFlag.c.o' '-c' '-mmacosx-version-min=12.0.0'  '-nodefaultexport' '-mlittle-endian' '-mabi=lp64' '-dumpdir' 'CMakeFiles/cmTC_b3d0d.dir/'
 as -arch arm64 -v -mmacosx-version-min=12.0 -o CMakeFiles/cmTC_b3d0d.dir/OpenMPTryFlag.c.o /var/folders/xs/v6q3rmcj5211sjzbgfbphbfm0000gp/T//ccyAyaaQ.s
Apple clang version 13.1.6 (clang-1316.0.21.2.5)
Target: arm64-apple-darwin21.5.0
Thread model: posix
InstalledDir: /Applications/Xcode.app/Contents/Developer/Toolchains/XcodeDefault.xctoolchain/usr/bin
 "/Applications/Xcode.app/Contents/Developer/Toolchains/XcodeDefault.xctoolchain/usr/bin/clang" -cc1as -triple arm64-apple-macosx12.0.0 -filetype obj -main-file-name ccyAyaaQ.s -target-cpu apple-m1 -target-feature +v8.5a -target-feature +fp-armv8 -target-feature +neon -target-feature +crc -target-feature +crypto -target-feature +dotprod -target-feature +fp16fml -target-feature +ras -target-feature +lse -target-feature +rdm -target-feature +rcpc -target-feature +zcm -target-feature +zcz -target-feature +fullfp16 -target-feature +sm4 -target-feature +sha3 -target-feature +sha2 -target-feature +aes -fdebug-compilation-dir=/Users/ia4118/CLionProjects/3D_RandomWalk/build/CMakeFiles/CMakeScratch/TryCompile-6R0Bjx -dwarf-debug-producer "Apple clang version 13.1.6 (clang-1316.0.21.2.5)" -dwarf-version=4 -mrelocation-model pic --mrelax-relocations -mllvm -disable-aligned-alloc-awareness=1 -o CMakeFiles/cmTC_b3d0d.dir/OpenMPTryFlag.c.o /var/folders/xs/v6q3rmcj5211sjzbgfbphbfm0000gp/T//ccyAyaaQ.s
COMPILER_PATH=/opt/homebrew/Cellar/gcc/12.2.0/bin/../libexec/gcc/aarch64-apple-darwin21/12/:/opt/homebrew/Cellar/gcc/12.2.0/bin/../libexec/gcc/
LIBRARY_PATH=/opt/homebrew/Cellar/gcc/12.2.0/bin/../lib/gcc/current/gcc/aarch64-apple-darwin21/12/:/opt/homebrew/Cellar/gcc/12.2.0/bin/../lib/gcc/current/gcc/:/opt/homebrew/Cellar/gcc/12.2.0/bin/../lib/gcc/current/gcc/aarch64-apple-darwin21/12/../../../
COLLECT_GCC_OPTIONS='-g' '-fopenmp' '-v' '-isysroot' '/Applications/Xcode.app/Contents/Developer/Platforms/MacOSX.platform/Developer/SDKs/MacOSX12.3.sdk' '-o' 'CMakeFiles/cmTC_b3d0d.dir/OpenMPTryFlag.c.o' '-c' '-mmacosx-version-min=12.0.0'  '-nodefaultexport' '-mlittle-endian' '-mabi=lp64' '-dumpdir' 'CMakeFiles/cmTC_b3d0d.dir/OpenMPTryFlag.c.'
Linking C executable cmTC_b3d0d
/opt/homebrew/Cellar/cmake/3.25.2/bin/cmake -E cmake_link_script CMakeFiles/cmTC_b3d0d.dir/link.txt --verbose=1
/opt/homebrew/opt/gcc/bin/gcc-12  -g -fopenmp -v -arch arm64 -isysroot /Applications/Xcode.app/Contents/Developer/Platforms/MacOSX.platform/Developer/SDKs/MacOSX12.3.sdk -Wl,-search_paths_first -Wl,-headerpad_max_install_names CMakeFiles/cmTC_b3d0d.dir/OpenMPTryFlag.c.o -o cmTC_b3d0d  -v -Wl,-v 
Using built-in specs.
COLLECT_GCC=/opt/homebrew/opt/gcc/bin/gcc-12
COLLECT_LTO_WRAPPER=/opt/homebrew/Cellar/gcc/12.2.0/bin/../libexec/gcc/aarch64-apple-darwin21/12/lto-wrapper
Target: aarch64-apple-darwin21
Configured with: ../configure --prefix=/opt/homebrew/opt/gcc --libdir=/opt/homebrew/opt/gcc/lib/gcc/current --disable-nls --enable-checking=release --with-gcc-major-version-only --enable-languages=c,c++,objc,obj-c++,fortran --program-suffix=-12 --with-gmp=/opt/homebrew/opt/gmp --with-mpfr=/opt/homebrew/opt/mpfr --with-mpc=/opt/homebrew/opt/libmpc --with-isl=/opt/homebrew/opt/isl --with-zstd=/opt/homebrew/opt/zstd --with-pkgversion='Homebrew GCC 12.2.0' --with-bugurl=https://github.com/Homebrew/homebrew-core/issues --with-system-zlib --build=aarch64-apple-darwin21 --with-sysroot=/Library/Developer/CommandLineTools/SDKs/MacOSX12.sdk
Thread model: posix
Supported LTO compression algorithms: zlib zstd
gcc version 12.2.0 (Homebrew GCC 12.2.0) 
COMPILER_PATH=/opt/homebrew/Cellar/gcc/12.2.0/bin/../libexec/gcc/aarch64-apple-darwin21/12/:/opt/homebrew/Cellar/gcc/12.2.0/bin/../libexec/gcc/
LIBRARY_PATH=/opt/homebrew/Cellar/gcc/12.2.0/bin/../lib/gcc/current/gcc/aarch64-apple-darwin21/12/:/opt/homebrew/Cellar/gcc/12.2.0/bin/../lib/gcc/current/gcc/:/opt/homebrew/Cellar/gcc/12.2.0/bin/../lib/gcc/current/gcc/aarch64-apple-darwin21/12/../../../
COLLECT_GCC_OPTIONS='-g' '-fopenmp' '-v' '-isysroot' '/Applications/Xcode.app/Contents/Developer/Platforms/MacOSX.platform/Developer/SDKs/MacOSX12.3.sdk' '-o' 'cmTC_b3d0d' '-v' '-mmacosx-version-min=12.0.0' '-asm_macosx_version_min=12.0' '-nodefaultexport' '-mlittle-endian' '-mabi=lp64' '-dumpdir' 'cmTC_b3d0d.'
 /opt/homebrew/Cellar/gcc/12.2.0/bin/../libexec/gcc/aarch64-apple-darwin21/12/collect2 -dynamic -arch arm64 -syslibroot /Applications/Xcode.app/Contents/Developer/Platforms/MacOSX.platform/Developer/SDKs/MacOSX12.3.sdk -macosx_version_min 12.0.0 -o cmTC_b3d0d -L/opt/homebrew/Cellar/gcc/12.2.0/bin/../lib/gcc/current/gcc/aarch64-apple-darwin21/12 -L/opt/homebrew/Cellar/gcc/12.2.0/bin/../lib/gcc/current/gcc -L/opt/homebrew/Cellar/gcc/12.2.0/bin/../lib/gcc/current/gcc/aarch64-apple-darwin21/12/../../.. -search_paths_first -headerpad_max_install_names CMakeFiles/cmTC_b3d0d.dir/OpenMPTryFlag.c.o -v -lgomp -lemutls_w -lgcc -lSystem -lgcc -no_compact_unwind -rpath @loader_path -rpath /opt/homebrew/Cellar/gcc/12.2.0/lib/gcc/current/gcc/aarch64-apple-darwin21/12 -rpath /opt/homebrew/Cellar/gcc/12.2.0/lib/gcc/current/gcc -rpath /opt/homebrew/Cellar/gcc/12.2.0/lib/gcc/current -idsym
collect2 version 12.2.0
/opt/local/bin/ld -dynamic -arch arm64 -syslibroot /Applications/Xcode.app/Contents/Developer/Platforms/MacOSX.platform/Developer/SDKs/MacOSX12.3.sdk -macosx_version_min 12.0.0 -o cmTC_b3d0d -L/opt/homebrew/Cellar/gcc/12.2.0/bin/../lib/gcc/current/gcc/aarch64-apple-darwin21/12 -L/opt/homebrew/Cellar/gcc/12.2.0/bin/../lib/gcc/current/gcc -L/opt/homebrew/Cellar/gcc/12.2.0/bin/../lib/gcc/current/gcc/aarch64-apple-darwin21/12/../../.. -search_paths_first -headerpad_max_install_names CMakeFiles/cmTC_b3d0d.dir/OpenMPTryFlag.c.o -v -lgomp -lemutls_w -lgcc -lSystem -lgcc -no_compact_unwind -rpath @loader_path -rpath /opt/homebrew/Cellar/gcc/12.2.0/lib/gcc/current/gcc/aarch64-apple-darwin21/12 -rpath /opt/homebrew/Cellar/gcc/12.2.0/lib/gcc/current/gcc -rpath /opt/homebrew/Cellar/gcc/12.2.0/lib/gcc/current
@(#)PROGRAM:ld  PROJECT:ld64-764
BUILD 11:29:07 May 17 2022
configured to support archs: armv6 armv7 armv7s arm64 arm64e arm64_32 i386 x86_64 x86_64h armv6m armv7k armv7m armv7em
Library search paths:
	/opt/homebrew/Cellar/gcc/12.2.0/lib/gcc/current/gcc/aarch64-apple-darwin21/12
	/opt/homebrew/Cellar/gcc/12.2.0/lib/gcc/current/gcc
	/opt/homebrew/Cellar/gcc/12.2.0/lib/gcc/current
	/Applications/Xcode.app/Contents/Developer/Platforms/MacOSX.platform/Developer/SDKs/MacOSX12.3.sdk/usr/lib
Framework search paths:
	/Applications/Xcode.app/Contents/Developer/Platforms/MacOSX.platform/Developer/SDKs/MacOSX12.3.sdk/System/Library/Frameworks/



Parsed C OpenMP implicit link information from above output:
  link line regex: [^( *|.*[/\])(ld|CMAKE_LINK_STARTFILE-NOTFOUND|([^/\]+-)?ld|collect2)[^/\]*( |$)]
  ignore line: [Change Dir: /Users/ia4118/CLionProjects/3D_RandomWalk/build/CMakeFiles/CMakeScratch/TryCompile-6R0Bjx]
  ignore line: []
  ignore line: [Run Build Command(s):/usr/bin/make -f Makefile cmTC_b3d0d/fast && /Applications/Xcode.app/Contents/Developer/usr/bin/make  -f CMakeFiles/cmTC_b3d0d.dir/build.make CMakeFiles/cmTC_b3d0d.dir/build]
  ignore line: [Building C object CMakeFiles/cmTC_b3d0d.dir/OpenMPTryFlag.c.o]
  ignore line: [/opt/homebrew/opt/gcc/bin/gcc-12   -g -fopenmp -v -arch arm64 -isysroot /Applications/Xcode.app/Contents/Developer/Platforms/MacOSX.platform/Developer/SDKs/MacOSX12.3.sdk -o CMakeFiles/cmTC_b3d0d.dir/OpenMPTryFlag.c.o -c /Users/ia4118/CLionProjects/3D_RandomWalk/build/CMakeFiles/CMakeScratch/TryCompile-6R0Bjx/OpenMPTryFlag.c]
  ignore line: [Using built-in specs.]
  ignore line: [COLLECT_GCC=/opt/homebrew/opt/gcc/bin/gcc-12]
  ignore line: [Target: aarch64-apple-darwin21]
  ignore line: [Configured with: ../configure --prefix=/opt/homebrew/opt/gcc --libdir=/opt/homebrew/opt/gcc/lib/gcc/current --disable-nls --enable-checking=release --with-gcc-major-version-only --enable-languages=c c++ objc obj-c++ fortran --program-suffix=-12 --with-gmp=/opt/homebrew/opt/gmp --with-mpfr=/opt/homebrew/opt/mpfr --with-mpc=/opt/homebrew/opt/libmpc --with-isl=/opt/homebrew/opt/isl --with-zstd=/opt/homebrew/opt/zstd --with-pkgversion='Homebrew GCC 12.2.0' --with-bugurl=https://github.com/Homebrew/homebrew-core/issues --with-system-zlib --build=aarch64-apple-darwin21 --with-sysroot=/Library/Developer/CommandLineTools/SDKs/MacOSX12.sdk]
  ignore line: [Thread model: posix]
  ignore line: [Supported LTO compression algorithms: zlib zstd]
  ignore line: [gcc version 12.2.0 (Homebrew GCC 12.2.0) ]
  ignore line: [COLLECT_GCC_OPTIONS='-g' '-fopenmp' '-v' '-isysroot' '/Applications/Xcode.app/Contents/Developer/Platforms/MacOSX.platform/Developer/SDKs/MacOSX12.3.sdk' '-o' 'CMakeFiles/cmTC_b3d0d.dir/OpenMPTryFlag.c.o' '-c' '-mmacosx-version-min=12.0.0' '-asm_macosx_version_min=12.0' '-nodefaultexport' '-mlittle-endian' '-mabi=lp64' '-dumpdir' 'CMakeFiles/cmTC_b3d0d.dir/']
  ignore line: [ /opt/homebrew/Cellar/gcc/12.2.0/bin/../libexec/gcc/aarch64-apple-darwin21/12/cc1 -quiet -v -iprefix /opt/homebrew/Cellar/gcc/12.2.0/bin/../lib/gcc/current/gcc/aarch64-apple-darwin21/12/ -D__DYNAMIC__ -isysroot /Applications/Xcode.app/Contents/Developer/Platforms/MacOSX.platform/Developer/SDKs/MacOSX12.3.sdk /Users/ia4118/CLionProjects/3D_RandomWalk/build/CMakeFiles/CMakeScratch/TryCompile-6R0Bjx/OpenMPTryFlag.c -fPIC -quiet -dumpdir CMakeFiles/cmTC_b3d0d.dir/ -dumpbase OpenMPTryFlag.c.c -dumpbase-ext .c -mmacosx-version-min=12.0.0 -mlittle-endian -mabi=lp64 -g -version -fopenmp -o /var/folders/xs/v6q3rmcj5211sjzbgfbphbfm0000gp/T//ccyAyaaQ.s]
  ignore line: [GNU C17 (Homebrew GCC 12.2.0) version 12.2.0 (aarch64-apple-darwin21)]
  ignore line: [	compiled by GNU C version 12.2.0  GMP version 6.2.1  MPFR version 4.1.0-p13  MPC version 1.2.1  isl version isl-0.25-GMP]
  ignore line: []
  ignore line: [warning: MPFR header version 4.1.0-p13 differs from library version 4.2.0.]
  ignore line: [warning: MPC header version 1.2.1 differs from library version 1.3.1.]
  ignore line: [GGC heuristics: --param ggc-min-expand=100 --param ggc-min-heapsize=131072]
  ignore line: [ignoring nonexistent directory "/opt/homebrew/Cellar/gcc/12.2.0/bin/../lib/gcc/current/gcc/aarch64-apple-darwin21/12/../../../../../../aarch64-apple-darwin21/include"]
  ignore line: [ignoring duplicate directory "/opt/homebrew/Cellar/gcc/12.2.0/bin/../lib/gcc/current/gcc/../../../../lib/gcc/current/gcc/aarch64-apple-darwin21/12/include"]
  ignore line: [ignoring nonexistent directory "/Applications/Xcode.app/Contents/Developer/Platforms/MacOSX.platform/Developer/SDKs/MacOSX12.3.sdk/usr/local/include"]
  ignore line: [ignoring duplicate directory "/opt/homebrew/Cellar/gcc/12.2.0/bin/../lib/gcc/current/gcc/../../../../lib/gcc/current/gcc/aarch64-apple-darwin21/12/include-fixed"]
  ignore line: [ignoring nonexistent directory "/opt/homebrew/Cellar/gcc/12.2.0/bin/../lib/gcc/current/gcc/../../../../lib/gcc/current/gcc/aarch64-apple-darwin21/12/../../../../../../aarch64-apple-darwin21/include"]
  ignore line: [ignoring nonexistent directory "/Applications/Xcode.app/Contents/Developer/Platforms/MacOSX.platform/Developer/SDKs/MacOSX12.3.sdk/Library/Frameworks"]
  ignore line: [#include "..." search starts here:]
  ignore line: [#include <...> search starts here:]
  ignore line: [ /opt/homebrew/Cellar/gcc/12.2.0/bin/../lib/gcc/current/gcc/aarch64-apple-darwin21/12/include]
  ignore line: [ /opt/homebrew/Cellar/gcc/12.2.0/bin/../lib/gcc/current/gcc/aarch64-apple-darwin21/12/include-fixed]
  ignore line: [ /Applications/Xcode.app/Contents/Developer/Platforms/MacOSX.platform/Developer/SDKs/MacOSX12.3.sdk/usr/include]
  ignore line: [ /Applications/Xcode.app/Contents/Developer/Platforms/MacOSX.platform/Developer/SDKs/MacOSX12.3.sdk/System/Library/Frameworks]
  ignore line: [End of search list.]
  ignore line: [GNU C17 (Homebrew GCC 12.2.0) version 12.2.0 (aarch64-apple-darwin21)]
  ignore line: [	compiled by GNU C version 12.2.0  GMP version 6.2.1  MPFR version 4.1.0-p13  MPC version 1.2.1  isl version isl-0.25-GMP]
  ignore line: []
  ignore line: [warning: MPFR header version 4.1.0-p13 differs from library version 4.2.0.]
  ignore line: [warning: MPC header version 1.2.1 differs from library version 1.3.1.]
  ignore line: [GGC heuristics: --param ggc-min-expand=100 --param ggc-min-heapsize=131072]
  ignore line: [Compiler executable checksum: aa4ea59d62ba10f3e184453dda5b310b]
  ignore line: [COLLECT_GCC_OPTIONS='-g' '-fopenmp' '-v' '-isysroot' '/Applications/Xcode.app/Contents/Developer/Platforms/MacOSX.platform/Developer/SDKs/MacOSX12.3.sdk' '-o' 'CMakeFiles/cmTC_b3d0d.dir/OpenMPTryFlag.c.o' '-c' '-mmacosx-version-min=12.0.0'  '-nodefaultexport' '-mlittle-endian' '-mabi=lp64' '-dumpdir' 'CMakeFiles/cmTC_b3d0d.dir/']
  ignore line: [ as -arch arm64 -v -mmacosx-version-min=12.0 -o CMakeFiles/cmTC_b3d0d.dir/OpenMPTryFlag.c.o /var/folders/xs/v6q3rmcj5211sjzbgfbphbfm0000gp/T//ccyAyaaQ.s]
  ignore line: [Apple clang version 13.1.6 (clang-1316.0.21.2.5)]
  ignore line: [Target: arm64-apple-darwin21.5.0]
  ignore line: [Thread model: posix]
  ignore line: [InstalledDir: /Applications/Xcode.app/Contents/Developer/Toolchains/XcodeDefault.xctoolchain/usr/bin]
  ignore line: [ "/Applications/Xcode.app/Contents/Developer/Toolchains/XcodeDefault.xctoolchain/usr/bin/clang" -cc1as -triple arm64-apple-macosx12.0.0 -filetype obj -main-file-name ccyAyaaQ.s -target-cpu apple-m1 -target-feature +v8.5a -target-feature +fp-armv8 -target-feature +neon -target-feature +crc -target-feature +crypto -target-feature +dotprod -target-feature +fp16fml -target-feature +ras -target-feature +lse -target-feature +rdm -target-feature +rcpc -target-feature +zcm -target-feature +zcz -target-feature +fullfp16 -target-feature +sm4 -target-feature +sha3 -target-feature +sha2 -target-feature +aes -fdebug-compilation-dir=/Users/ia4118/CLionProjects/3D_RandomWalk/build/CMakeFiles/CMakeScratch/TryCompile-6R0Bjx -dwarf-debug-producer "Apple clang version 13.1.6 (clang-1316.0.21.2.5)" -dwarf-version=4 -mrelocation-model pic --mrelax-relocations -mllvm -disable-aligned-alloc-awareness=1 -o CMakeFiles/cmTC_b3d0d.dir/OpenMPTryFlag.c.o /var/folders/xs/v6q3rmcj5211sjzbgfbphbfm0000gp/T//ccyAyaaQ.s]
  ignore line: [COMPILER_PATH=/opt/homebrew/Cellar/gcc/12.2.0/bin/../libexec/gcc/aarch64-apple-darwin21/12/:/opt/homebrew/Cellar/gcc/12.2.0/bin/../libexec/gcc/]
  ignore line: [LIBRARY_PATH=/opt/homebrew/Cellar/gcc/12.2.0/bin/../lib/gcc/current/gcc/aarch64-apple-darwin21/12/:/opt/homebrew/Cellar/gcc/12.2.0/bin/../lib/gcc/current/gcc/:/opt/homebrew/Cellar/gcc/12.2.0/bin/../lib/gcc/current/gcc/aarch64-apple-darwin21/12/../../../]
  ignore line: [COLLECT_GCC_OPTIONS='-g' '-fopenmp' '-v' '-isysroot' '/Applications/Xcode.app/Contents/Developer/Platforms/MacOSX.platform/Developer/SDKs/MacOSX12.3.sdk' '-o' 'CMakeFiles/cmTC_b3d0d.dir/OpenMPTryFlag.c.o' '-c' '-mmacosx-version-min=12.0.0'  '-nodefaultexport' '-mlittle-endian' '-mabi=lp64' '-dumpdir' 'CMakeFiles/cmTC_b3d0d.dir/OpenMPTryFlag.c.']
  ignore line: [Linking C executable cmTC_b3d0d]
  ignore line: [/opt/homebrew/Cellar/cmake/3.25.2/bin/cmake -E cmake_link_script CMakeFiles/cmTC_b3d0d.dir/link.txt --verbose=1]
  ignore line: [/opt/homebrew/opt/gcc/bin/gcc-12  -g -fopenmp -v -arch arm64 -isysroot /Applications/Xcode.app/Contents/Developer/Platforms/MacOSX.platform/Developer/SDKs/MacOSX12.3.sdk -Wl -search_paths_first -Wl -headerpad_max_install_names CMakeFiles/cmTC_b3d0d.dir/OpenMPTryFlag.c.o -o cmTC_b3d0d  -v -Wl -v ]
  ignore line: [Using built-in specs.]
  ignore line: [COLLECT_GCC=/opt/homebrew/opt/gcc/bin/gcc-12]
  ignore line: [COLLECT_LTO_WRAPPER=/opt/homebrew/Cellar/gcc/12.2.0/bin/../libexec/gcc/aarch64-apple-darwin21/12/lto-wrapper]
  ignore line: [Target: aarch64-apple-darwin21]
  ignore line: [Configured with: ../configure --prefix=/opt/homebrew/opt/gcc --libdir=/opt/homebrew/opt/gcc/lib/gcc/current --disable-nls --enable-checking=release --with-gcc-major-version-only --enable-languages=c c++ objc obj-c++ fortran --program-suffix=-12 --with-gmp=/opt/homebrew/opt/gmp --with-mpfr=/opt/homebrew/opt/mpfr --with-mpc=/opt/homebrew/opt/libmpc --with-isl=/opt/homebrew/opt/isl --with-zstd=/opt/homebrew/opt/zstd --with-pkgversion='Homebrew GCC 12.2.0' --with-bugurl=https://github.com/Homebrew/homebrew-core/issues --with-system-zlib --build=aarch64-apple-darwin21 --with-sysroot=/Library/Developer/CommandLineTools/SDKs/MacOSX12.sdk]
  ignore line: [Thread model: posix]
  ignore line: [Supported LTO compression algorithms: zlib zstd]
  ignore line: [gcc version 12.2.0 (Homebrew GCC 12.2.0) ]
  ignore line: [COMPILER_PATH=/opt/homebrew/Cellar/gcc/12.2.0/bin/../libexec/gcc/aarch64-apple-darwin21/12/:/opt/homebrew/Cellar/gcc/12.2.0/bin/../libexec/gcc/]
  ignore line: [LIBRARY_PATH=/opt/homebrew/Cellar/gcc/12.2.0/bin/../lib/gcc/current/gcc/aarch64-apple-darwin21/12/:/opt/homebrew/Cellar/gcc/12.2.0/bin/../lib/gcc/current/gcc/:/opt/homebrew/Cellar/gcc/12.2.0/bin/../lib/gcc/current/gcc/aarch64-apple-darwin21/12/../../../]
  ignore line: [COLLECT_GCC_OPTIONS='-g' '-fopenmp' '-v' '-isysroot' '/Applications/Xcode.app/Contents/Developer/Platforms/MacOSX.platform/Developer/SDKs/MacOSX12.3.sdk' '-o' 'cmTC_b3d0d' '-v' '-mmacosx-version-min=12.0.0' '-asm_macosx_version_min=12.0' '-nodefaultexport' '-mlittle-endian' '-mabi=lp64' '-dumpdir' 'cmTC_b3d0d.']
  link line: [ /opt/homebrew/Cellar/gcc/12.2.0/bin/../libexec/gcc/aarch64-apple-darwin21/12/collect2 -dynamic -arch arm64 -syslibroot /Applications/Xcode.app/Contents/Developer/Platforms/MacOSX.platform/Developer/SDKs/MacOSX12.3.sdk -macosx_version_min 12.0.0 -o cmTC_b3d0d -L/opt/homebrew/Cellar/gcc/12.2.0/bin/../lib/gcc/current/gcc/aarch64-apple-darwin21/12 -L/opt/homebrew/Cellar/gcc/12.2.0/bin/../lib/gcc/current/gcc -L/opt/homebrew/Cellar/gcc/12.2.0/bin/../lib/gcc/current/gcc/aarch64-apple-darwin21/12/../../.. -search_paths_first -headerpad_max_install_names CMakeFiles/cmTC_b3d0d.dir/OpenMPTryFlag.c.o -v -lgomp -lemutls_w -lgcc -lSystem -lgcc -no_compact_unwind -rpath @loader_path -rpath /opt/homebrew/Cellar/gcc/12.2.0/lib/gcc/current/gcc/aarch64-apple-darwin21/12 -rpath /opt/homebrew/Cellar/gcc/12.2.0/lib/gcc/current/gcc -rpath /opt/homebrew/Cellar/gcc/12.2.0/lib/gcc/current -idsym]
    arg [/opt/homebrew/Cellar/gcc/12.2.0/bin/../libexec/gcc/aarch64-apple-darwin21/12/collect2] ==> ignore
    arg [-dynamic] ==> ignore
    arg [-arch] ==> ignore
    arg [arm64] ==> ignore
    arg [-syslibroot] ==> ignore
    arg [/Applications/Xcode.app/Contents/Developer/Platforms/MacOSX.platform/Developer/SDKs/MacOSX12.3.sdk] ==> ignore
    arg [-macosx_version_min] ==> ignore
    arg [12.0.0] ==> ignore
    arg [-o] ==> ignore
    arg [cmTC_b3d0d] ==> ignore
    arg [-L/opt/homebrew/Cellar/gcc/12.2.0/bin/../lib/gcc/current/gcc/aarch64-apple-darwin21/12] ==> dir [/opt/homebrew/Cellar/gcc/12.2.0/bin/../lib/gcc/current/gcc/aarch64-apple-darwin21/12]
    arg [-L/opt/homebrew/Cellar/gcc/12.2.0/bin/../lib/gcc/current/gcc] ==> dir [/opt/homebrew/Cellar/gcc/12.2.0/bin/../lib/gcc/current/gcc]
    arg [-L/opt/homebrew/Cellar/gcc/12.2.0/bin/../lib/gcc/current/gcc/aarch64-apple-darwin21/12/../../..] ==> dir [/opt/homebrew/Cellar/gcc/12.2.0/bin/../lib/gcc/current/gcc/aarch64-apple-darwin21/12/../../..]
    arg [-search_paths_first] ==> ignore
    arg [-headerpad_max_install_names] ==> ignore
    arg [CMakeFiles/cmTC_b3d0d.dir/OpenMPTryFlag.c.o] ==> ignore
    arg [-v] ==> ignore
    arg [-lgomp] ==> lib [gomp]
    arg [-lemutls_w] ==> lib [emutls_w]
    arg [-lgcc] ==> lib [gcc]
    arg [-lSystem] ==> lib [System]
    arg [-lgcc] ==> lib [gcc]
    arg [-no_compact_unwind] ==> ignore
    arg [-rpath] ==> ignore
    arg [@loader_path] ==> ignore
    arg [-rpath] ==> ignore
    arg [/opt/homebrew/Cellar/gcc/12.2.0/lib/gcc/current/gcc/aarch64-apple-darwin21/12] ==> ignore
    arg [-rpath] ==> ignore
    arg [/opt/homebrew/Cellar/gcc/12.2.0/lib/gcc/current/gcc] ==> ignore
    arg [-rpath] ==> ignore
    arg [/opt/homebrew/Cellar/gcc/12.2.0/lib/gcc/current] ==> ignore
    arg [-idsym] ==> ignore
  Library search paths: [;/opt/homebrew/Cellar/gcc/12.2.0/lib/gcc/current/gcc/aarch64-apple-darwin21/12;/opt/homebrew/Cellar/gcc/12.2.0/lib/gcc/current/gcc;/opt/homebrew/Cellar/gcc/12.2.0/lib/gcc/current;/Applications/Xcode.app/Contents/Developer/Platforms/MacOSX.platform/Developer/SDKs/MacOSX12.3.sdk/usr/lib]
  Framework search paths: [;/Applications/Xcode.app/Contents/Developer/Platforms/MacOSX.platform/Developer/SDKs/MacOSX12.3.sdk/System/Library/Frameworks/]
  remove lib [System]
  collapse library dir [/opt/homebrew/Cellar/gcc/12.2.0/bin/../lib/gcc/current/gcc/aarch64-apple-darwin21/12] ==> [/opt/homebrew/Cellar/gcc/12.2.0/lib/gcc/current/gcc/aarch64-apple-darwin21/12]
  collapse library dir [/opt/homebrew/Cellar/gcc/12.2.0/bin/../lib/gcc/current/gcc] ==> [/opt/homebrew/Cellar/gcc/12.2.0/lib/gcc/current/gcc]
  collapse library dir [/opt/homebrew/Cellar/gcc/12.2.0/bin/../lib/gcc/current/gcc/aarch64-apple-darwin21/12/../../..] ==> [/opt/homebrew/Cellar/gcc/12.2.0/lib/gcc/current]
  collapse library dir [/opt/homebrew/Cellar/gcc/12.2.0/lib/gcc/current/gcc/aarch64-apple-darwin21/12] ==> [/opt/homebrew/Cellar/gcc/12.2.0/lib/gcc/current/gcc/aarch64-apple-darwin21/12]
  collapse library dir [/opt/homebrew/Cellar/gcc/12.2.0/lib/gcc/current/gcc] ==> [/opt/homebrew/Cellar/gcc/12.2.0/lib/gcc/current/gcc]
  collapse library dir [/opt/homebrew/Cellar/gcc/12.2.0/lib/gcc/current] ==> [/opt/homebrew/Cellar/gcc/12.2.0/lib/gcc/current]
  collapse library dir [/Applications/Xcode.app/Contents/Developer/Platforms/MacOSX.platform/Developer/SDKs/MacOSX12.3.sdk/usr/lib] ==> [/Applications/Xcode.app/Contents/Developer/Platforms/MacOSX.platform/Developer/SDKs/MacOSX12.3.sdk/usr/lib]
  collapse framework dir [/Applications/Xcode.app/Contents/Developer/Platforms/MacOSX.platform/Developer/SDKs/MacOSX12.3.sdk/System/Library/Frameworks/] ==> [/Applications/Xcode.app/Contents/Developer/Platforms/MacOSX.platform/Developer/SDKs/MacOSX12.3.sdk/System/Library/Frameworks]
  implicit libs: [gomp;emutls_w;gcc;gcc]
  implicit objs: []
  implicit dirs: [/opt/homebrew/Cellar/gcc/12.2.0/lib/gcc/current/gcc/aarch64-apple-darwin21/12;/opt/homebrew/Cellar/gcc/12.2.0/lib/gcc/current/gcc;/opt/homebrew/Cellar/gcc/12.2.0/lib/gcc/current;/Applications/Xcode.app/Contents/Developer/Platforms/MacOSX.platform/Developer/SDKs/MacOSX12.3.sdk/usr/lib]
  implicit fwks: [/Applications/Xcode.app/Contents/Developer/Platforms/MacOSX.platform/Developer/SDKs/MacOSX12.3.sdk/System/Library/Frameworks]


Detecting CXX OpenMP compiler ABI info compiled with the following output:
Change Dir: /Users/ia4118/CLionProjects/3D_RandomWalk/build/CMakeFiles/CMakeScratch/TryCompile-L1mvoT

Run Build Command(s):/usr/bin/make -f Makefile cmTC_e7e8f/fast && /Applications/Xcode.app/Contents/Developer/usr/bin/make  -f CMakeFiles/cmTC_e7e8f.dir/build.make CMakeFiles/cmTC_e7e8f.dir/build
Building CXX object CMakeFiles/cmTC_e7e8f.dir/OpenMPTryFlag.cpp.o
/opt/homebrew/opt/gcc/bin/g++-12   -g -Wall -Wextra -Wno-unknown-pragmas -Wno-unused-function -Wno-error=deprecated-declarations -Wno-error=unused-variable -Wno-error=maybe-uninitialized -Wno-error=unused-parameter -Wno-error=unused-but-set-variable -Wno-error=unused-result -Wno-error=sign-compare -Wno-error=type-limits -Wno-error=parentheses -Wno-error=reorder -Wno-error=ignored-qualifiers -Wno-error=unused-local-typedefs -Wno-error=class-memaccess -Wno-error=nonnull -Wno-error=type-limits -Wno-error=misleading-indentation -std=c++17 -fopenmp -v -arch arm64 -isysroot /Applications/Xcode.app/Contents/Developer/Platforms/MacOSX.platform/Developer/SDKs/MacOSX12.3.sdk -o CMakeFiles/cmTC_e7e8f.dir/OpenMPTryFlag.cpp.o -c /Users/ia4118/CLionProjects/3D_RandomWalk/build/CMakeFiles/CMakeScratch/TryCompile-L1mvoT/OpenMPTryFlag.cpp
Using built-in specs.
COLLECT_GCC=/opt/homebrew/opt/gcc/bin/g++-12
Target: aarch64-apple-darwin21
Configured with: ../configure --prefix=/opt/homebrew/opt/gcc --libdir=/opt/homebrew/opt/gcc/lib/gcc/current --disable-nls --enable-checking=release --with-gcc-major-version-only --enable-languages=c,c++,objc,obj-c++,fortran --program-suffix=-12 --with-gmp=/opt/homebrew/opt/gmp --with-mpfr=/opt/homebrew/opt/mpfr --with-mpc=/opt/homebrew/opt/libmpc --with-isl=/opt/homebrew/opt/isl --with-zstd=/opt/homebrew/opt/zstd --with-pkgversion='Homebrew GCC 12.2.0' --with-bugurl=https://github.com/Homebrew/homebrew-core/issues --with-system-zlib --build=aarch64-apple-darwin21 --with-sysroot=/Library/Developer/CommandLineTools/SDKs/MacOSX12.sdk
Thread model: posix
Supported LTO compression algorithms: zlib zstd
gcc version 12.2.0 (Homebrew GCC 12.2.0) 
COLLECT_GCC_OPTIONS='-g' '-Wall' '-Wextra' '-Wno-unknown-pragmas' '-Wno-unused-function' '-Wno-error=deprecated-declarations' '-Wno-error=unused-variable' '-Wno-error=maybe-uninitialized' '-Wno-error=unused-parameter' '-Wno-error=unused-but-set-variable' '-Wno-error=unused-result' '-Wno-error=sign-compare' '-Wno-error=type-limits' '-Wno-error=parentheses' '-Wno-error=reorder' '-Wno-error=ignored-qualifiers' '-Wno-error=unused-local-typedefs' '-Wno-error=class-memaccess' '-Wno-error=nonnull' '-Wno-error=type-limits' '-Wno-error=misleading-indentation' '-std=c++17' '-fopenmp' '-v' '-isysroot' '/Applications/Xcode.app/Contents/Developer/Platforms/MacOSX.platform/Developer/SDKs/MacOSX12.3.sdk' '-o' 'CMakeFiles/cmTC_e7e8f.dir/OpenMPTryFlag.cpp.o' '-c' '-mmacosx-version-min=12.0.0' '-asm_macosx_version_min=12.0' '-nodefaultexport' '-mlittle-endian' '-mabi=lp64' '-dumpdir' 'CMakeFiles/cmTC_e7e8f.dir/'
 /opt/homebrew/Cellar/gcc/12.2.0/bin/../libexec/gcc/aarch64-apple-darwin21/12/cc1plus -quiet -v -iprefix /opt/homebrew/Cellar/gcc/12.2.0/bin/../lib/gcc/current/gcc/aarch64-apple-darwin21/12/ -D__DYNAMIC__ -isysroot /Applications/Xcode.app/Contents/Developer/Platforms/MacOSX.platform/Developer/SDKs/MacOSX12.3.sdk /Users/ia4118/CLionProjects/3D_RandomWalk/build/CMakeFiles/CMakeScratch/TryCompile-L1mvoT/OpenMPTryFlag.cpp -fPIC -quiet -dumpdir CMakeFiles/cmTC_e7e8f.dir/ -dumpbase OpenMPTryFlag.cpp.cpp -dumpbase-ext .cpp -mmacosx-version-min=12.0.0 -mlittle-endian -mabi=lp64 -g -Wall -Wextra -Wno-unknown-pragmas -Wno-unused-function -Wno-error=deprecated-declarations -Wno-error=unused-variable -Wno-error=maybe-uninitialized -Wno-error=unused-parameter -Wno-error=unused-but-set-variable -Wno-error=unused-result -Wno-error=sign-compare -Wno-error=type-limits -Wno-error=parentheses -Wno-error=reorder -Wno-error=ignored-qualifiers -Wno-error=unused-local-typedefs -Wno-error=class-memaccess -Wno-error=nonnull -Wno-error=type-limits -Wno-error=misleading-indentation -std=c++17 -version -fopenmp -o /var/folders/xs/v6q3rmcj5211sjzbgfbphbfm0000gp/T//ccse5JLR.s
GNU C++17 (Homebrew GCC 12.2.0) version 12.2.0 (aarch64-apple-darwin21)
	compiled by GNU C version 12.2.0, GMP version 6.2.1, MPFR version 4.1.0-p13, MPC version 1.2.1, isl version isl-0.25-GMP

warning: MPFR header version 4.1.0-p13 differs from library version 4.2.0.
warning: MPC header version 1.2.1 differs from library version 1.3.1.
GGC heuristics: --param ggc-min-expand=100 --param ggc-min-heapsize=131072
ignoring nonexistent directory "/opt/homebrew/Cellar/gcc/12.2.0/bin/../lib/gcc/current/gcc/aarch64-apple-darwin21/12/../../../../../../aarch64-apple-darwin21/include"
ignoring duplicate directory "/opt/homebrew/Cellar/gcc/12.2.0/bin/../lib/gcc/current/gcc/../../../../lib/gcc/current/gcc/aarch64-apple-darwin21/12/../../../../../../include/c++/12"
ignoring duplicate directory "/opt/homebrew/Cellar/gcc/12.2.0/bin/../lib/gcc/current/gcc/../../../../lib/gcc/current/gcc/aarch64-apple-darwin21/12/../../../../../../include/c++/12/aarch64-apple-darwin21"
ignoring duplicate directory "/opt/homebrew/Cellar/gcc/12.2.0/bin/../lib/gcc/current/gcc/../../../../lib/gcc/current/gcc/aarch64-apple-darwin21/12/../../../../../../include/c++/12/backward"
ignoring duplicate directory "/opt/homebrew/Cellar/gcc/12.2.0/bin/../lib/gcc/current/gcc/../../../../lib/gcc/current/gcc/aarch64-apple-darwin21/12/include"
ignoring nonexistent directory "/Applications/Xcode.app/Contents/Developer/Platforms/MacOSX.platform/Developer/SDKs/MacOSX12.3.sdk/usr/local/include"
ignoring duplicate directory "/opt/homebrew/Cellar/gcc/12.2.0/bin/../lib/gcc/current/gcc/../../../../lib/gcc/current/gcc/aarch64-apple-darwin21/12/include-fixed"
ignoring nonexistent directory "/opt/homebrew/Cellar/gcc/12.2.0/bin/../lib/gcc/current/gcc/../../../../lib/gcc/current/gcc/aarch64-apple-darwin21/12/../../../../../../aarch64-apple-darwin21/include"
ignoring nonexistent directory "/Applications/Xcode.app/Contents/Developer/Platforms/MacOSX.platform/Developer/SDKs/MacOSX12.3.sdk/Library/Frameworks"
#include "..." search starts here:
#include <...> search starts here:
 /opt/homebrew/Cellar/gcc/12.2.0/bin/../lib/gcc/current/gcc/aarch64-apple-darwin21/12/../../../../../../include/c++/12
 /opt/homebrew/Cellar/gcc/12.2.0/bin/../lib/gcc/current/gcc/aarch64-apple-darwin21/12/../../../../../../include/c++/12/aarch64-apple-darwin21
 /opt/homebrew/Cellar/gcc/12.2.0/bin/../lib/gcc/current/gcc/aarch64-apple-darwin21/12/../../../../../../include/c++/12/backward
 /opt/homebrew/Cellar/gcc/12.2.0/bin/../lib/gcc/current/gcc/aarch64-apple-darwin21/12/include
 /opt/homebrew/Cellar/gcc/12.2.0/bin/../lib/gcc/current/gcc/aarch64-apple-darwin21/12/include-fixed
 /Applications/Xcode.app/Contents/Developer/Platforms/MacOSX.platform/Developer/SDKs/MacOSX12.3.sdk/usr/include
 /Applications/Xcode.app/Contents/Developer/Platforms/MacOSX.platform/Developer/SDKs/MacOSX12.3.sdk/System/Library/Frameworks
End of search list.
GNU C++17 (Homebrew GCC 12.2.0) version 12.2.0 (aarch64-apple-darwin21)
	compiled by GNU C version 12.2.0, GMP version 6.2.1, MPFR version 4.1.0-p13, MPC version 1.2.1, isl version isl-0.25-GMP

warning: MPFR header version 4.1.0-p13 differs from library version 4.2.0.
warning: MPC header version 1.2.1 differs from library version 1.3.1.
GGC heuristics: --param ggc-min-expand=100 --param ggc-min-heapsize=131072
Compiler executable checksum: 0763a482a23176f685c5d5f7c0ea1aee
COLLECT_GCC_OPTIONS='-g' '-Wall' '-Wextra' '-Wno-unknown-pragmas' '-Wno-unused-function' '-Wno-error=deprecated-declarations' '-Wno-error=unused-variable' '-Wno-error=maybe-uninitialized' '-Wno-error=unused-parameter' '-Wno-error=unused-but-set-variable' '-Wno-error=unused-result' '-Wno-error=sign-compare' '-Wno-error=type-limits' '-Wno-error=parentheses' '-Wno-error=reorder' '-Wno-error=ignored-qualifiers' '-Wno-error=unused-local-typedefs' '-Wno-error=class-memaccess' '-Wno-error=nonnull' '-Wno-error=type-limits' '-Wno-error=misleading-indentation' '-std=c++17' '-fopenmp' '-v' '-isysroot' '/Applications/Xcode.app/Contents/Developer/Platforms/MacOSX.platform/Developer/SDKs/MacOSX12.3.sdk' '-o' 'CMakeFiles/cmTC_e7e8f.dir/OpenMPTryFlag.cpp.o' '-c' '-mmacosx-version-min=12.0.0'  '-nodefaultexport' '-mlittle-endian' '-mabi=lp64' '-dumpdir' 'CMakeFiles/cmTC_e7e8f.dir/'
 as -arch arm64 -v -mmacosx-version-min=12.0 -o CMakeFiles/cmTC_e7e8f.dir/OpenMPTryFlag.cpp.o /var/folders/xs/v6q3rmcj5211sjzbgfbphbfm0000gp/T//ccse5JLR.s
Apple clang version 13.1.6 (clang-1316.0.21.2.5)
Target: arm64-apple-darwin21.5.0
Thread model: posix
InstalledDir: /Applications/Xcode.app/Contents/Developer/Toolchains/XcodeDefault.xctoolchain/usr/bin
 "/Applications/Xcode.app/Contents/Developer/Toolchains/XcodeDefault.xctoolchain/usr/bin/clang" -cc1as -triple arm64-apple-macosx12.0.0 -filetype obj -main-file-name ccse5JLR.s -target-cpu apple-m1 -target-feature +v8.5a -target-feature +fp-armv8 -target-feature +neon -target-feature +crc -target-feature +crypto -target-feature +dotprod -target-feature +fp16fml -target-feature +ras -target-feature +lse -target-feature +rdm -target-feature +rcpc -target-feature +zcm -target-feature +zcz -target-feature +fullfp16 -target-feature +sm4 -target-feature +sha3 -target-feature +sha2 -target-feature +aes -fdebug-compilation-dir=/Users/ia4118/CLionProjects/3D_RandomWalk/build/CMakeFiles/CMakeScratch/TryCompile-L1mvoT -dwarf-debug-producer "Apple clang version 13.1.6 (clang-1316.0.21.2.5)" -dwarf-version=4 -mrelocation-model pic --mrelax-relocations -mllvm -disable-aligned-alloc-awareness=1 -o CMakeFiles/cmTC_e7e8f.dir/OpenMPTryFlag.cpp.o /var/folders/xs/v6q3rmcj5211sjzbgfbphbfm0000gp/T//ccse5JLR.s
COMPILER_PATH=/opt/homebrew/Cellar/gcc/12.2.0/bin/../libexec/gcc/aarch64-apple-darwin21/12/:/opt/homebrew/Cellar/gcc/12.2.0/bin/../libexec/gcc/
LIBRARY_PATH=/opt/homebrew/Cellar/gcc/12.2.0/bin/../lib/gcc/current/gcc/aarch64-apple-darwin21/12/:/opt/homebrew/Cellar/gcc/12.2.0/bin/../lib/gcc/current/gcc/:/opt/homebrew/Cellar/gcc/12.2.0/bin/../lib/gcc/current/gcc/aarch64-apple-darwin21/12/../../../
COLLECT_GCC_OPTIONS='-g' '-Wall' '-Wextra' '-Wno-unknown-pragmas' '-Wno-unused-function' '-Wno-error=deprecated-declarations' '-Wno-error=unused-variable' '-Wno-error=maybe-uninitialized' '-Wno-error=unused-parameter' '-Wno-error=unused-but-set-variable' '-Wno-error=unused-result' '-Wno-error=sign-compare' '-Wno-error=type-limits' '-Wno-error=parentheses' '-Wno-error=reorder' '-Wno-error=ignored-qualifiers' '-Wno-error=unused-local-typedefs' '-Wno-error=class-memaccess' '-Wno-error=nonnull' '-Wno-error=type-limits' '-Wno-error=misleading-indentation' '-std=c++17' '-fopenmp' '-v' '-isysroot' '/Applications/Xcode.app/Contents/Developer/Platforms/MacOSX.platform/Developer/SDKs/MacOSX12.3.sdk' '-o' 'CMakeFiles/cmTC_e7e8f.dir/OpenMPTryFlag.cpp.o' '-c' '-mmacosx-version-min=12.0.0'  '-nodefaultexport' '-mlittle-endian' '-mabi=lp64' '-dumpdir' 'CMakeFiles/cmTC_e7e8f.dir/OpenMPTryFlag.cpp.'
Linking CXX executable cmTC_e7e8f
/opt/homebrew/Cellar/cmake/3.25.2/bin/cmake -E cmake_link_script CMakeFiles/cmTC_e7e8f.dir/link.txt --verbose=1
/opt/homebrew/opt/gcc/bin/g++-12  -g -Wall -Wextra -Wno-unknown-pragmas -Wno-unused-function -Wno-error=deprecated-declarations -Wno-error=unused-variable -Wno-error=maybe-uninitialized -Wno-error=unused-parameter -Wno-error=unused-but-set-variable -Wno-error=unused-result -Wno-error=sign-compare -Wno-error=type-limits -Wno-error=parentheses -Wno-error=reorder -Wno-error=ignored-qualifiers -Wno-error=unused-local-typedefs -Wno-error=class-memaccess -Wno-error=nonnull -Wno-error=type-limits -Wno-error=misleading-indentation -std=c++17 -fopenmp -v -arch arm64 -isysroot /Applications/Xcode.app/Contents/Developer/Platforms/MacOSX.platform/Developer/SDKs/MacOSX12.3.sdk -Wl,-search_paths_first -Wl,-headerpad_max_install_names CMakeFiles/cmTC_e7e8f.dir/OpenMPTryFlag.cpp.o -o cmTC_e7e8f  -v -Wl,-v 
Using built-in specs.
COLLECT_GCC=/opt/homebrew/opt/gcc/bin/g++-12
COLLECT_LTO_WRAPPER=/opt/homebrew/Cellar/gcc/12.2.0/bin/../libexec/gcc/aarch64-apple-darwin21/12/lto-wrapper
Target: aarch64-apple-darwin21
Configured with: ../configure --prefix=/opt/homebrew/opt/gcc --libdir=/opt/homebrew/opt/gcc/lib/gcc/current --disable-nls --enable-checking=release --with-gcc-major-version-only --enable-languages=c,c++,objc,obj-c++,fortran --program-suffix=-12 --with-gmp=/opt/homebrew/opt/gmp --with-mpfr=/opt/homebrew/opt/mpfr --with-mpc=/opt/homebrew/opt/libmpc --with-isl=/opt/homebrew/opt/isl --with-zstd=/opt/homebrew/opt/zstd --with-pkgversion='Homebrew GCC 12.2.0' --with-bugurl=https://github.com/Homebrew/homebrew-core/issues --with-system-zlib --build=aarch64-apple-darwin21 --with-sysroot=/Library/Developer/CommandLineTools/SDKs/MacOSX12.sdk
Thread model: posix
Supported LTO compression algorithms: zlib zstd
gcc version 12.2.0 (Homebrew GCC 12.2.0) 
COMPILER_PATH=/opt/homebrew/Cellar/gcc/12.2.0/bin/../libexec/gcc/aarch64-apple-darwin21/12/:/opt/homebrew/Cellar/gcc/12.2.0/bin/../libexec/gcc/
LIBRARY_PATH=/opt/homebrew/Cellar/gcc/12.2.0/bin/../lib/gcc/current/gcc/aarch64-apple-darwin21/12/:/opt/homebrew/Cellar/gcc/12.2.0/bin/../lib/gcc/current/gcc/:/opt/homebrew/Cellar/gcc/12.2.0/bin/../lib/gcc/current/gcc/aarch64-apple-darwin21/12/../../../
COLLECT_GCC_OPTIONS='-g' '-Wall' '-Wextra' '-Wno-unknown-pragmas' '-Wno-unused-function' '-Wno-error=deprecated-declarations' '-Wno-error=unused-variable' '-Wno-error=maybe-uninitialized' '-Wno-error=unused-parameter' '-Wno-error=unused-but-set-variable' '-Wno-error=unused-result' '-Wno-error=sign-compare' '-Wno-error=type-limits' '-Wno-error=parentheses' '-Wno-error=reorder' '-Wno-error=ignored-qualifiers' '-Wno-error=unused-local-typedefs' '-Wno-error=class-memaccess' '-Wno-error=nonnull' '-Wno-error=type-limits' '-Wno-error=misleading-indentation' '-std=c++17' '-fopenmp' '-v' '-isysroot' '/Applications/Xcode.app/Contents/Developer/Platforms/MacOSX.platform/Developer/SDKs/MacOSX12.3.sdk' '-o' 'cmTC_e7e8f' '-v' '-mmacosx-version-min=12.0.0' '-asm_macosx_version_min=12.0' '-nodefaultexport' '-mlittle-endian' '-mabi=lp64' '-dumpdir' 'cmTC_e7e8f.'
 /opt/homebrew/Cellar/gcc/12.2.0/bin/../libexec/gcc/aarch64-apple-darwin21/12/collect2 -dynamic -arch arm64 -syslibroot /Applications/Xcode.app/Contents/Developer/Platforms/MacOSX.platform/Developer/SDKs/MacOSX12.3.sdk -macosx_version_min 12.0.0 -o cmTC_e7e8f -L/opt/homebrew/Cellar/gcc/12.2.0/bin/../lib/gcc/current/gcc/aarch64-apple-darwin21/12 -L/opt/homebrew/Cellar/gcc/12.2.0/bin/../lib/gcc/current/gcc -L/opt/homebrew/Cellar/gcc/12.2.0/bin/../lib/gcc/current/gcc/aarch64-apple-darwin21/12/../../.. -search_paths_first -headerpad_max_install_names CMakeFiles/cmTC_e7e8f.dir/OpenMPTryFlag.cpp.o -v -lstdc++ -lgomp -lemutls_w -lgcc -lSystem -lgcc -no_compact_unwind -rpath @loader_path -rpath /opt/homebrew/Cellar/gcc/12.2.0/lib/gcc/current/gcc/aarch64-apple-darwin21/12 -rpath /opt/homebrew/Cellar/gcc/12.2.0/lib/gcc/current/gcc -rpath /opt/homebrew/Cellar/gcc/12.2.0/lib/gcc/current -idsym
collect2 version 12.2.0
/opt/local/bin/ld -dynamic -arch arm64 -syslibroot /Applications/Xcode.app/Contents/Developer/Platforms/MacOSX.platform/Developer/SDKs/MacOSX12.3.sdk -macosx_version_min 12.0.0 -o cmTC_e7e8f -L/opt/homebrew/Cellar/gcc/12.2.0/bin/../lib/gcc/current/gcc/aarch64-apple-darwin21/12 -L/opt/homebrew/Cellar/gcc/12.2.0/bin/../lib/gcc/current/gcc -L/opt/homebrew/Cellar/gcc/12.2.0/bin/../lib/gcc/current/gcc/aarch64-apple-darwin21/12/../../.. -search_paths_first -headerpad_max_install_names CMakeFiles/cmTC_e7e8f.dir/OpenMPTryFlag.cpp.o -v -lstdc++ -lgomp -lemutls_w -lgcc -lSystem -lgcc -no_compact_unwind -rpath @loader_path -rpath /opt/homebrew/Cellar/gcc/12.2.0/lib/gcc/current/gcc/aarch64-apple-darwin21/12 -rpath /opt/homebrew/Cellar/gcc/12.2.0/lib/gcc/current/gcc -rpath /opt/homebrew/Cellar/gcc/12.2.0/lib/gcc/current
@(#)PROGRAM:ld  PROJECT:ld64-764
BUILD 11:29:07 May 17 2022
configured to support archs: armv6 armv7 armv7s arm64 arm64e arm64_32 i386 x86_64 x86_64h armv6m armv7k armv7m armv7em
Library search paths:
	/opt/homebrew/Cellar/gcc/12.2.0/lib/gcc/current/gcc/aarch64-apple-darwin21/12
	/opt/homebrew/Cellar/gcc/12.2.0/lib/gcc/current/gcc
	/opt/homebrew/Cellar/gcc/12.2.0/lib/gcc/current
	/Applications/Xcode.app/Contents/Developer/Platforms/MacOSX.platform/Developer/SDKs/MacOSX12.3.sdk/usr/lib
Framework search paths:
	/Applications/Xcode.app/Contents/Developer/Platforms/MacOSX.platform/Developer/SDKs/MacOSX12.3.sdk/System/Library/Frameworks/



Parsed CXX OpenMP implicit link information from above output:
  link line regex: [^( *|.*[/\])(ld|CMAKE_LINK_STARTFILE-NOTFOUND|([^/\]+-)?ld|collect2)[^/\]*( |$)]
  ignore line: [Change Dir: /Users/ia4118/CLionProjects/3D_RandomWalk/build/CMakeFiles/CMakeScratch/TryCompile-L1mvoT]
  ignore line: []
  ignore line: [Run Build Command(s):/usr/bin/make -f Makefile cmTC_e7e8f/fast && /Applications/Xcode.app/Contents/Developer/usr/bin/make  -f CMakeFiles/cmTC_e7e8f.dir/build.make CMakeFiles/cmTC_e7e8f.dir/build]
  ignore line: [Building CXX object CMakeFiles/cmTC_e7e8f.dir/OpenMPTryFlag.cpp.o]
  ignore line: [/opt/homebrew/opt/gcc/bin/g++-12   -g -Wall -Wextra -Wno-unknown-pragmas -Wno-unused-function -Wno-error=deprecated-declarations -Wno-error=unused-variable -Wno-error=maybe-uninitialized -Wno-error=unused-parameter -Wno-error=unused-but-set-variable -Wno-error=unused-result -Wno-error=sign-compare -Wno-error=type-limits -Wno-error=parentheses -Wno-error=reorder -Wno-error=ignored-qualifiers -Wno-error=unused-local-typedefs -Wno-error=class-memaccess -Wno-error=nonnull -Wno-error=type-limits -Wno-error=misleading-indentation -std=c++17 -fopenmp -v -arch arm64 -isysroot /Applications/Xcode.app/Contents/Developer/Platforms/MacOSX.platform/Developer/SDKs/MacOSX12.3.sdk -o CMakeFiles/cmTC_e7e8f.dir/OpenMPTryFlag.cpp.o -c /Users/ia4118/CLionProjects/3D_RandomWalk/build/CMakeFiles/CMakeScratch/TryCompile-L1mvoT/OpenMPTryFlag.cpp]
  ignore line: [Using built-in specs.]
  ignore line: [COLLECT_GCC=/opt/homebrew/opt/gcc/bin/g++-12]
  ignore line: [Target: aarch64-apple-darwin21]
  ignore line: [Configured with: ../configure --prefix=/opt/homebrew/opt/gcc --libdir=/opt/homebrew/opt/gcc/lib/gcc/current --disable-nls --enable-checking=release --with-gcc-major-version-only --enable-languages=c c++ objc obj-c++ fortran --program-suffix=-12 --with-gmp=/opt/homebrew/opt/gmp --with-mpfr=/opt/homebrew/opt/mpfr --with-mpc=/opt/homebrew/opt/libmpc --with-isl=/opt/homebrew/opt/isl --with-zstd=/opt/homebrew/opt/zstd --with-pkgversion='Homebrew GCC 12.2.0' --with-bugurl=https://github.com/Homebrew/homebrew-core/issues --with-system-zlib --build=aarch64-apple-darwin21 --with-sysroot=/Library/Developer/CommandLineTools/SDKs/MacOSX12.sdk]
  ignore line: [Thread model: posix]
  ignore line: [Supported LTO compression algorithms: zlib zstd]
  ignore line: [gcc version 12.2.0 (Homebrew GCC 12.2.0) ]
  ignore line: [COLLECT_GCC_OPTIONS='-g' '-Wall' '-Wextra' '-Wno-unknown-pragmas' '-Wno-unused-function' '-Wno-error=deprecated-declarations' '-Wno-error=unused-variable' '-Wno-error=maybe-uninitialized' '-Wno-error=unused-parameter' '-Wno-error=unused-but-set-variable' '-Wno-error=unused-result' '-Wno-error=sign-compare' '-Wno-error=type-limits' '-Wno-error=parentheses' '-Wno-error=reorder' '-Wno-error=ignored-qualifiers' '-Wno-error=unused-local-typedefs' '-Wno-error=class-memaccess' '-Wno-error=nonnull' '-Wno-error=type-limits' '-Wno-error=misleading-indentation' '-std=c++17' '-fopenmp' '-v' '-isysroot' '/Applications/Xcode.app/Contents/Developer/Platforms/MacOSX.platform/Developer/SDKs/MacOSX12.3.sdk' '-o' 'CMakeFiles/cmTC_e7e8f.dir/OpenMPTryFlag.cpp.o' '-c' '-mmacosx-version-min=12.0.0' '-asm_macosx_version_min=12.0' '-nodefaultexport' '-mlittle-endian' '-mabi=lp64' '-dumpdir' 'CMakeFiles/cmTC_e7e8f.dir/']
  ignore line: [ /opt/homebrew/Cellar/gcc/12.2.0/bin/../libexec/gcc/aarch64-apple-darwin21/12/cc1plus -quiet -v -iprefix /opt/homebrew/Cellar/gcc/12.2.0/bin/../lib/gcc/current/gcc/aarch64-apple-darwin21/12/ -D__DYNAMIC__ -isysroot /Applications/Xcode.app/Contents/Developer/Platforms/MacOSX.platform/Developer/SDKs/MacOSX12.3.sdk /Users/ia4118/CLionProjects/3D_RandomWalk/build/CMakeFiles/CMakeScratch/TryCompile-L1mvoT/OpenMPTryFlag.cpp -fPIC -quiet -dumpdir CMakeFiles/cmTC_e7e8f.dir/ -dumpbase OpenMPTryFlag.cpp.cpp -dumpbase-ext .cpp -mmacosx-version-min=12.0.0 -mlittle-endian -mabi=lp64 -g -Wall -Wextra -Wno-unknown-pragmas -Wno-unused-function -Wno-error=deprecated-declarations -Wno-error=unused-variable -Wno-error=maybe-uninitialized -Wno-error=unused-parameter -Wno-error=unused-but-set-variable -Wno-error=unused-result -Wno-error=sign-compare -Wno-error=type-limits -Wno-error=parentheses -Wno-error=reorder -Wno-error=ignored-qualifiers -Wno-error=unused-local-typedefs -Wno-error=class-memaccess -Wno-error=nonnull -Wno-error=type-limits -Wno-error=misleading-indentation -std=c++17 -version -fopenmp -o /var/folders/xs/v6q3rmcj5211sjzbgfbphbfm0000gp/T//ccse5JLR.s]
  ignore line: [GNU C++17 (Homebrew GCC 12.2.0) version 12.2.0 (aarch64-apple-darwin21)]
  ignore line: [	compiled by GNU C version 12.2.0  GMP version 6.2.1  MPFR version 4.1.0-p13  MPC version 1.2.1  isl version isl-0.25-GMP]
  ignore line: []
  ignore line: [warning: MPFR header version 4.1.0-p13 differs from library version 4.2.0.]
  ignore line: [warning: MPC header version 1.2.1 differs from library version 1.3.1.]
  ignore line: [GGC heuristics: --param ggc-min-expand=100 --param ggc-min-heapsize=131072]
  ignore line: [ignoring nonexistent directory "/opt/homebrew/Cellar/gcc/12.2.0/bin/../lib/gcc/current/gcc/aarch64-apple-darwin21/12/../../../../../../aarch64-apple-darwin21/include"]
  ignore line: [ignoring duplicate directory "/opt/homebrew/Cellar/gcc/12.2.0/bin/../lib/gcc/current/gcc/../../../../lib/gcc/current/gcc/aarch64-apple-darwin21/12/../../../../../../include/c++/12"]
  ignore line: [ignoring duplicate directory "/opt/homebrew/Cellar/gcc/12.2.0/bin/../lib/gcc/current/gcc/../../../../lib/gcc/current/gcc/aarch64-apple-darwin21/12/../../../../../../include/c++/12/aarch64-apple-darwin21"]
  ignore line: [ignoring duplicate directory "/opt/homebrew/Cellar/gcc/12.2.0/bin/../lib/gcc/current/gcc/../../../../lib/gcc/current/gcc/aarch64-apple-darwin21/12/../../../../../../include/c++/12/backward"]
  ignore line: [ignoring duplicate directory "/opt/homebrew/Cellar/gcc/12.2.0/bin/../lib/gcc/current/gcc/../../../../lib/gcc/current/gcc/aarch64-apple-darwin21/12/include"]
  ignore line: [ignoring nonexistent directory "/Applications/Xcode.app/Contents/Developer/Platforms/MacOSX.platform/Developer/SDKs/MacOSX12.3.sdk/usr/local/include"]
  ignore line: [ignoring duplicate directory "/opt/homebrew/Cellar/gcc/12.2.0/bin/../lib/gcc/current/gcc/../../../../lib/gcc/current/gcc/aarch64-apple-darwin21/12/include-fixed"]
  ignore line: [ignoring nonexistent directory "/opt/homebrew/Cellar/gcc/12.2.0/bin/../lib/gcc/current/gcc/../../../../lib/gcc/current/gcc/aarch64-apple-darwin21/12/../../../../../../aarch64-apple-darwin21/include"]
  ignore line: [ignoring nonexistent directory "/Applications/Xcode.app/Contents/Developer/Platforms/MacOSX.platform/Developer/SDKs/MacOSX12.3.sdk/Library/Frameworks"]
  ignore line: [#include "..." search starts here:]
  ignore line: [#include <...> search starts here:]
  ignore line: [ /opt/homebrew/Cellar/gcc/12.2.0/bin/../lib/gcc/current/gcc/aarch64-apple-darwin21/12/../../../../../../include/c++/12]
  ignore line: [ /opt/homebrew/Cellar/gcc/12.2.0/bin/../lib/gcc/current/gcc/aarch64-apple-darwin21/12/../../../../../../include/c++/12/aarch64-apple-darwin21]
  ignore line: [ /opt/homebrew/Cellar/gcc/12.2.0/bin/../lib/gcc/current/gcc/aarch64-apple-darwin21/12/../../../../../../include/c++/12/backward]
  ignore line: [ /opt/homebrew/Cellar/gcc/12.2.0/bin/../lib/gcc/current/gcc/aarch64-apple-darwin21/12/include]
  ignore line: [ /opt/homebrew/Cellar/gcc/12.2.0/bin/../lib/gcc/current/gcc/aarch64-apple-darwin21/12/include-fixed]
  ignore line: [ /Applications/Xcode.app/Contents/Developer/Platforms/MacOSX.platform/Developer/SDKs/MacOSX12.3.sdk/usr/include]
  ignore line: [ /Applications/Xcode.app/Contents/Developer/Platforms/MacOSX.platform/Developer/SDKs/MacOSX12.3.sdk/System/Library/Frameworks]
  ignore line: [End of search list.]
  ignore line: [GNU C++17 (Homebrew GCC 12.2.0) version 12.2.0 (aarch64-apple-darwin21)]
  ignore line: [	compiled by GNU C version 12.2.0  GMP version 6.2.1  MPFR version 4.1.0-p13  MPC version 1.2.1  isl version isl-0.25-GMP]
  ignore line: []
  ignore line: [warning: MPFR header version 4.1.0-p13 differs from library version 4.2.0.]
  ignore line: [warning: MPC header version 1.2.1 differs from library version 1.3.1.]
  ignore line: [GGC heuristics: --param ggc-min-expand=100 --param ggc-min-heapsize=131072]
  ignore line: [Compiler executable checksum: 0763a482a23176f685c5d5f7c0ea1aee]
  ignore line: [COLLECT_GCC_OPTIONS='-g' '-Wall' '-Wextra' '-Wno-unknown-pragmas' '-Wno-unused-function' '-Wno-error=deprecated-declarations' '-Wno-error=unused-variable' '-Wno-error=maybe-uninitialized' '-Wno-error=unused-parameter' '-Wno-error=unused-but-set-variable' '-Wno-error=unused-result' '-Wno-error=sign-compare' '-Wno-error=type-limits' '-Wno-error=parentheses' '-Wno-error=reorder' '-Wno-error=ignored-qualifiers' '-Wno-error=unused-local-typedefs' '-Wno-error=class-memaccess' '-Wno-error=nonnull' '-Wno-error=type-limits' '-Wno-error=misleading-indentation' '-std=c++17' '-fopenmp' '-v' '-isysroot' '/Applications/Xcode.app/Contents/Developer/Platforms/MacOSX.platform/Developer/SDKs/MacOSX12.3.sdk' '-o' 'CMakeFiles/cmTC_e7e8f.dir/OpenMPTryFlag.cpp.o' '-c' '-mmacosx-version-min=12.0.0'  '-nodefaultexport' '-mlittle-endian' '-mabi=lp64' '-dumpdir' 'CMakeFiles/cmTC_e7e8f.dir/']
  ignore line: [ as -arch arm64 -v -mmacosx-version-min=12.0 -o CMakeFiles/cmTC_e7e8f.dir/OpenMPTryFlag.cpp.o /var/folders/xs/v6q3rmcj5211sjzbgfbphbfm0000gp/T//ccse5JLR.s]
  ignore line: [Apple clang version 13.1.6 (clang-1316.0.21.2.5)]
  ignore line: [Target: arm64-apple-darwin21.5.0]
  ignore line: [Thread model: posix]
  ignore line: [InstalledDir: /Applications/Xcode.app/Contents/Developer/Toolchains/XcodeDefault.xctoolchain/usr/bin]
  ignore line: [ "/Applications/Xcode.app/Contents/Developer/Toolchains/XcodeDefault.xctoolchain/usr/bin/clang" -cc1as -triple arm64-apple-macosx12.0.0 -filetype obj -main-file-name ccse5JLR.s -target-cpu apple-m1 -target-feature +v8.5a -target-feature +fp-armv8 -target-feature +neon -target-feature +crc -target-feature +crypto -target-feature +dotprod -target-feature +fp16fml -target-feature +ras -target-feature +lse -target-feature +rdm -target-feature +rcpc -target-feature +zcm -target-feature +zcz -target-feature +fullfp16 -target-feature +sm4 -target-feature +sha3 -target-feature +sha2 -target-feature +aes -fdebug-compilation-dir=/Users/ia4118/CLionProjects/3D_RandomWalk/build/CMakeFiles/CMakeScratch/TryCompile-L1mvoT -dwarf-debug-producer "Apple clang version 13.1.6 (clang-1316.0.21.2.5)" -dwarf-version=4 -mrelocation-model pic --mrelax-relocations -mllvm -disable-aligned-alloc-awareness=1 -o CMakeFiles/cmTC_e7e8f.dir/OpenMPTryFlag.cpp.o /var/folders/xs/v6q3rmcj5211sjzbgfbphbfm0000gp/T//ccse5JLR.s]
  ignore line: [COMPILER_PATH=/opt/homebrew/Cellar/gcc/12.2.0/bin/../libexec/gcc/aarch64-apple-darwin21/12/:/opt/homebrew/Cellar/gcc/12.2.0/bin/../libexec/gcc/]
  ignore line: [LIBRARY_PATH=/opt/homebrew/Cellar/gcc/12.2.0/bin/../lib/gcc/current/gcc/aarch64-apple-darwin21/12/:/opt/homebrew/Cellar/gcc/12.2.0/bin/../lib/gcc/current/gcc/:/opt/homebrew/Cellar/gcc/12.2.0/bin/../lib/gcc/current/gcc/aarch64-apple-darwin21/12/../../../]
  ignore line: [COLLECT_GCC_OPTIONS='-g' '-Wall' '-Wextra' '-Wno-unknown-pragmas' '-Wno-unused-function' '-Wno-error=deprecated-declarations' '-Wno-error=unused-variable' '-Wno-error=maybe-uninitialized' '-Wno-error=unused-parameter' '-Wno-error=unused-but-set-variable' '-Wno-error=unused-result' '-Wno-error=sign-compare' '-Wno-error=type-limits' '-Wno-error=parentheses' '-Wno-error=reorder' '-Wno-error=ignored-qualifiers' '-Wno-error=unused-local-typedefs' '-Wno-error=class-memaccess' '-Wno-error=nonnull' '-Wno-error=type-limits' '-Wno-error=misleading-indentation' '-std=c++17' '-fopenmp' '-v' '-isysroot' '/Applications/Xcode.app/Contents/Developer/Platforms/MacOSX.platform/Developer/SDKs/MacOSX12.3.sdk' '-o' 'CMakeFiles/cmTC_e7e8f.dir/OpenMPTryFlag.cpp.o' '-c' '-mmacosx-version-min=12.0.0'  '-nodefaultexport' '-mlittle-endian' '-mabi=lp64' '-dumpdir' 'CMakeFiles/cmTC_e7e8f.dir/OpenMPTryFlag.cpp.']
  ignore line: [Linking CXX executable cmTC_e7e8f]
  ignore line: [/opt/homebrew/Cellar/cmake/3.25.2/bin/cmake -E cmake_link_script CMakeFiles/cmTC_e7e8f.dir/link.txt --verbose=1]
  ignore line: [/opt/homebrew/opt/gcc/bin/g++-12  -g -Wall -Wextra -Wno-unknown-pragmas -Wno-unused-function -Wno-error=deprecated-declarations -Wno-error=unused-variable -Wno-error=maybe-uninitialized -Wno-error=unused-parameter -Wno-error=unused-but-set-variable -Wno-error=unused-result -Wno-error=sign-compare -Wno-error=type-limits -Wno-error=parentheses -Wno-error=reorder -Wno-error=ignored-qualifiers -Wno-error=unused-local-typedefs -Wno-error=class-memaccess -Wno-error=nonnull -Wno-error=type-limits -Wno-error=misleading-indentation -std=c++17 -fopenmp -v -arch arm64 -isysroot /Applications/Xcode.app/Contents/Developer/Platforms/MacOSX.platform/Developer/SDKs/MacOSX12.3.sdk -Wl -search_paths_first -Wl -headerpad_max_install_names CMakeFiles/cmTC_e7e8f.dir/OpenMPTryFlag.cpp.o -o cmTC_e7e8f  -v -Wl -v ]
  ignore line: [Using built-in specs.]
  ignore line: [COLLECT_GCC=/opt/homebrew/opt/gcc/bin/g++-12]
  ignore line: [COLLECT_LTO_WRAPPER=/opt/homebrew/Cellar/gcc/12.2.0/bin/../libexec/gcc/aarch64-apple-darwin21/12/lto-wrapper]
  ignore line: [Target: aarch64-apple-darwin21]
  ignore line: [Configured with: ../configure --prefix=/opt/homebrew/opt/gcc --libdir=/opt/homebrew/opt/gcc/lib/gcc/current --disable-nls --enable-checking=release --with-gcc-major-version-only --enable-languages=c c++ objc obj-c++ fortran --program-suffix=-12 --with-gmp=/opt/homebrew/opt/gmp --with-mpfr=/opt/homebrew/opt/mpfr --with-mpc=/opt/homebrew/opt/libmpc --with-isl=/opt/homebrew/opt/isl --with-zstd=/opt/homebrew/opt/zstd --with-pkgversion='Homebrew GCC 12.2.0' --with-bugurl=https://github.com/Homebrew/homebrew-core/issues --with-system-zlib --build=aarch64-apple-darwin21 --with-sysroot=/Library/Developer/CommandLineTools/SDKs/MacOSX12.sdk]
  ignore line: [Thread model: posix]
  ignore line: [Supported LTO compression algorithms: zlib zstd]
  ignore line: [gcc version 12.2.0 (Homebrew GCC 12.2.0) ]
  ignore line: [COMPILER_PATH=/opt/homebrew/Cellar/gcc/12.2.0/bin/../libexec/gcc/aarch64-apple-darwin21/12/:/opt/homebrew/Cellar/gcc/12.2.0/bin/../libexec/gcc/]
  ignore line: [LIBRARY_PATH=/opt/homebrew/Cellar/gcc/12.2.0/bin/../lib/gcc/current/gcc/aarch64-apple-darwin21/12/:/opt/homebrew/Cellar/gcc/12.2.0/bin/../lib/gcc/current/gcc/:/opt/homebrew/Cellar/gcc/12.2.0/bin/../lib/gcc/current/gcc/aarch64-apple-darwin21/12/../../../]
  ignore line: [COLLECT_GCC_OPTIONS='-g' '-Wall' '-Wextra' '-Wno-unknown-pragmas' '-Wno-unused-function' '-Wno-error=deprecated-declarations' '-Wno-error=unused-variable' '-Wno-error=maybe-uninitialized' '-Wno-error=unused-parameter' '-Wno-error=unused-but-set-variable' '-Wno-error=unused-result' '-Wno-error=sign-compare' '-Wno-error=type-limits' '-Wno-error=parentheses' '-Wno-error=reorder' '-Wno-error=ignored-qualifiers' '-Wno-error=unused-local-typedefs' '-Wno-error=class-memaccess' '-Wno-error=nonnull' '-Wno-error=type-limits' '-Wno-error=misleading-indentation' '-std=c++17' '-fopenmp' '-v' '-isysroot' '/Applications/Xcode.app/Contents/Developer/Platforms/MacOSX.platform/Developer/SDKs/MacOSX12.3.sdk' '-o' 'cmTC_e7e8f' '-v' '-mmacosx-version-min=12.0.0' '-asm_macosx_version_min=12.0' '-nodefaultexport' '-mlittle-endian' '-mabi=lp64' '-dumpdir' 'cmTC_e7e8f.']
  link line: [ /opt/homebrew/Cellar/gcc/12.2.0/bin/../libexec/gcc/aarch64-apple-darwin21/12/collect2 -dynamic -arch arm64 -syslibroot /Applications/Xcode.app/Contents/Developer/Platforms/MacOSX.platform/Developer/SDKs/MacOSX12.3.sdk -macosx_version_min 12.0.0 -o cmTC_e7e8f -L/opt/homebrew/Cellar/gcc/12.2.0/bin/../lib/gcc/current/gcc/aarch64-apple-darwin21/12 -L/opt/homebrew/Cellar/gcc/12.2.0/bin/../lib/gcc/current/gcc -L/opt/homebrew/Cellar/gcc/12.2.0/bin/../lib/gcc/current/gcc/aarch64-apple-darwin21/12/../../.. -search_paths_first -headerpad_max_install_names CMakeFiles/cmTC_e7e8f.dir/OpenMPTryFlag.cpp.o -v -lstdc++ -lgomp -lemutls_w -lgcc -lSystem -lgcc -no_compact_unwind -rpath @loader_path -rpath /opt/homebrew/Cellar/gcc/12.2.0/lib/gcc/current/gcc/aarch64-apple-darwin21/12 -rpath /opt/homebrew/Cellar/gcc/12.2.0/lib/gcc/current/gcc -rpath /opt/homebrew/Cellar/gcc/12.2.0/lib/gcc/current -idsym]
    arg [/opt/homebrew/Cellar/gcc/12.2.0/bin/../libexec/gcc/aarch64-apple-darwin21/12/collect2] ==> ignore
    arg [-dynamic] ==> ignore
    arg [-arch] ==> ignore
    arg [arm64] ==> ignore
    arg [-syslibroot] ==> ignore
    arg [/Applications/Xcode.app/Contents/Developer/Platforms/MacOSX.platform/Developer/SDKs/MacOSX12.3.sdk] ==> ignore
    arg [-macosx_version_min] ==> ignore
    arg [12.0.0] ==> ignore
    arg [-o] ==> ignore
    arg [cmTC_e7e8f] ==> ignore
    arg [-L/opt/homebrew/Cellar/gcc/12.2.0/bin/../lib/gcc/current/gcc/aarch64-apple-darwin21/12] ==> dir [/opt/homebrew/Cellar/gcc/12.2.0/bin/../lib/gcc/current/gcc/aarch64-apple-darwin21/12]
    arg [-L/opt/homebrew/Cellar/gcc/12.2.0/bin/../lib/gcc/current/gcc] ==> dir [/opt/homebrew/Cellar/gcc/12.2.0/bin/../lib/gcc/current/gcc]
    arg [-L/opt/homebrew/Cellar/gcc/12.2.0/bin/../lib/gcc/current/gcc/aarch64-apple-darwin21/12/../../..] ==> dir [/opt/homebrew/Cellar/gcc/12.2.0/bin/../lib/gcc/current/gcc/aarch64-apple-darwin21/12/../../..]
    arg [-search_paths_first] ==> ignore
    arg [-headerpad_max_install_names] ==> ignore
    arg [CMakeFiles/cmTC_e7e8f.dir/OpenMPTryFlag.cpp.o] ==> ignore
    arg [-v] ==> ignore
    arg [-lstdc++] ==> lib [stdc++]
    arg [-lgomp] ==> lib [gomp]
    arg [-lemutls_w] ==> lib [emutls_w]
    arg [-lgcc] ==> lib [gcc]
    arg [-lSystem] ==> lib [System]
    arg [-lgcc] ==> lib [gcc]
    arg [-no_compact_unwind] ==> ignore
    arg [-rpath] ==> ignore
    arg [@loader_path] ==> ignore
    arg [-rpath] ==> ignore
    arg [/opt/homebrew/Cellar/gcc/12.2.0/lib/gcc/current/gcc/aarch64-apple-darwin21/12] ==> ignore
    arg [-rpath] ==> ignore
    arg [/opt/homebrew/Cellar/gcc/12.2.0/lib/gcc/current/gcc] ==> ignore
    arg [-rpath] ==> ignore
    arg [/opt/homebrew/Cellar/gcc/12.2.0/lib/gcc/current] ==> ignore
    arg [-idsym] ==> ignore
  Library search paths: [;/opt/homebrew/Cellar/gcc/12.2.0/lib/gcc/current/gcc/aarch64-apple-darwin21/12;/opt/homebrew/Cellar/gcc/12.2.0/lib/gcc/current/gcc;/opt/homebrew/Cellar/gcc/12.2.0/lib/gcc/current;/Applications/Xcode.app/Contents/Developer/Platforms/MacOSX.platform/Developer/SDKs/MacOSX12.3.sdk/usr/lib]
  Framework search paths: [;/Applications/Xcode.app/Contents/Developer/Platforms/MacOSX.platform/Developer/SDKs/MacOSX12.3.sdk/System/Library/Frameworks/]
  remove lib [System]
  collapse library dir [/opt/homebrew/Cellar/gcc/12.2.0/bin/../lib/gcc/current/gcc/aarch64-apple-darwin21/12] ==> [/opt/homebrew/Cellar/gcc/12.2.0/lib/gcc/current/gcc/aarch64-apple-darwin21/12]
  collapse library dir [/opt/homebrew/Cellar/gcc/12.2.0/bin/../lib/gcc/current/gcc] ==> [/opt/homebrew/Cellar/gcc/12.2.0/lib/gcc/current/gcc]
  collapse library dir [/opt/homebrew/Cellar/gcc/12.2.0/bin/../lib/gcc/current/gcc/aarch64-apple-darwin21/12/../../..] ==> [/opt/homebrew/Cellar/gcc/12.2.0/lib/gcc/current]
  collapse library dir [/opt/homebrew/Cellar/gcc/12.2.0/lib/gcc/current/gcc/aarch64-apple-darwin21/12] ==> [/opt/homebrew/Cellar/gcc/12.2.0/lib/gcc/current/gcc/aarch64-apple-darwin21/12]
  collapse library dir [/opt/homebrew/Cellar/gcc/12.2.0/lib/gcc/current/gcc] ==> [/opt/homebrew/Cellar/gcc/12.2.0/lib/gcc/current/gcc]
  collapse library dir [/opt/homebrew/Cellar/gcc/12.2.0/lib/gcc/current] ==> [/opt/homebrew/Cellar/gcc/12.2.0/lib/gcc/current]
  collapse library dir [/Applications/Xcode.app/Contents/Developer/Platforms/MacOSX.platform/Developer/SDKs/MacOSX12.3.sdk/usr/lib] ==> [/Applications/Xcode.app/Contents/Developer/Platforms/MacOSX.platform/Developer/SDKs/MacOSX12.3.sdk/usr/lib]
  collapse framework dir [/Applications/Xcode.app/Contents/Developer/Platforms/MacOSX.platform/Developer/SDKs/MacOSX12.3.sdk/System/Library/Frameworks/] ==> [/Applications/Xcode.app/Contents/Developer/Platforms/MacOSX.platform/Developer/SDKs/MacOSX12.3.sdk/System/Library/Frameworks]
  implicit libs: [stdc++;gomp;emutls_w;gcc;gcc]
  implicit objs: []
  implicit dirs: [/opt/homebrew/Cellar/gcc/12.2.0/lib/gcc/current/gcc/aarch64-apple-darwin21/12;/opt/homebrew/Cellar/gcc/12.2.0/lib/gcc/current/gcc;/opt/homebrew/Cellar/gcc/12.2.0/lib/gcc/current;/Applications/Xcode.app/Contents/Developer/Platforms/MacOSX.platform/Developer/SDKs/MacOSX12.3.sdk/usr/lib]
  implicit fwks: [/Applications/Xcode.app/Contents/Developer/Platforms/MacOSX.platform/Developer/SDKs/MacOSX12.3.sdk/System/Library/Frameworks]


Performing C SOURCE FILE Test CMAKE_HAVE_LIBC_PTHREAD succeeded with the following output:
Change Dir: /Users/ia4118/CLionProjects/3D_RandomWalk/build/CMakeFiles/CMakeScratch/TryCompile-wbKfHM

Run Build Command(s):/usr/bin/make -f Makefile cmTC_1df01/fast && /Applications/Xcode.app/Contents/Developer/usr/bin/make  -f CMakeFiles/cmTC_1df01.dir/build.make CMakeFiles/cmTC_1df01.dir/build
Building C object CMakeFiles/cmTC_1df01.dir/src.c.o
/opt/homebrew/opt/gcc/bin/gcc-12 -DCMAKE_HAVE_LIBC_PTHREAD  -g  -arch arm64 -isysroot /Applications/Xcode.app/Contents/Developer/Platforms/MacOSX.platform/Developer/SDKs/MacOSX12.3.sdk -o CMakeFiles/cmTC_1df01.dir/src.c.o -c /Users/ia4118/CLionProjects/3D_RandomWalk/build/CMakeFiles/CMakeScratch/TryCompile-wbKfHM/src.c
Linking C executable cmTC_1df01
/opt/homebrew/Cellar/cmake/3.25.2/bin/cmake -E cmake_link_script CMakeFiles/cmTC_1df01.dir/link.txt --verbose=1
/opt/homebrew/opt/gcc/bin/gcc-12  -g  -arch arm64 -isysroot /Applications/Xcode.app/Contents/Developer/Platforms/MacOSX.platform/Developer/SDKs/MacOSX12.3.sdk -Wl,-search_paths_first -Wl,-headerpad_max_install_names CMakeFiles/cmTC_1df01.dir/src.c.o -o cmTC_1df01 


Source file was:
#include <pthread.h>

static void* test_func(void* data)
{
  return data;
}

int main(void)
{
  pthread_t thread;
  pthread_create(&thread, NULL, test_func, NULL);
  pthread_detach(thread);
  pthread_cancel(thread);
  pthread_join(thread, NULL);
  pthread_atfork(NULL, NULL, NULL);
  pthread_exit(NULL);

  return 0;
}


